primary_id,uuid,org_id,action
5207e5d6-20e2-4181-a3a2-d6bf62f1bf2e,2c08f005-96cb-4529-bf56-52edfa2ae4d5,2,i
79ae9ef3-526b-43ec-bc98-e13da53564a3,287e68ad-d28d-4236-b0a7-e1564146de68,9,i
aa5a5023-5ee0-4c57-9d61-4e8c8642d62d,40f14fb2-701e-45db-9152-2992ab4157ac,10,i
0957f919-33c0-4d62-8516-79abd82a0a60,7d0b5869-6669-4ca0-b5c5-f9bc8cdf543b,9,i
1c91f909-7fc2-4228-afdd-619ad06e3a53,0650ef38-c979-4a3a-88bf-3066fc1ee4b8,6,i
5ed82297-6915-4130-be6b-c84b8f882f34,136004a2-586f-4255-91d8-45d08572b760,9,i
f0f3b565-bae7-4093-97db-82be536b27fd,53fdeb27-07a5-4eb2-98b1-ce2f69bddb1e,1,i
3e6130a5-f897-485c-9fd2-2fd73c8c5f55,121d3ed4-fad5-4fa7-a817-28ebce68bcf6,2,i
f0728942-940f-477a-afa1-24b15c88a65e,7a55a6ab-4139-471d-bd05-15791dcda9fc,1,i
90506b09-edd6-4cf5-8e6e-f2cf8b66e0c5,ef6555cf-ef09-4d7d-a741-11140de36a6c,4,i
163ca74b-1ab4-4d4d-abe6-b65292439981,7381f366-d14b-44cc-b2a5-4b953b9284e9,3,i
a3f7d150-846f-4611-9873-de7d4ba675b2,5f3912c5-1700-48e6-9414-bbc203b6d943,4,i
ee514b0d-46aa-4ec5-88b3-96bbc33f18d6,1f3d5bb8-e7bc-4723-ada7-1687260e3398,4,i
d8b3c05c-3da6-4acf-a173-9f9c84d64c9d,7cb5c969-2a2c-4814-a642-45ac82034d5d,6,i
6d6c2a4e-863b-4296-bdcc-4319c804ac65,ac0106ce-61da-43d3-9293-c580840fdb96,6,i
71cd34dc-346e-4990-b6a2-a338b04aa8cc,66aa11d4-e755-41f5-9878-d8206cac9054,5,i
7c10fbc6-7fdb-4949-9b08-d3a098b4554f,3755f003-6d87-41e8-91fd-2e5d290fb3fc,4,i
cff1d0d1-9d6e-4d11-af18-1ae766d59f56,469876da-baba-44d9-9f84-2b578dcffb3a,6,i
25feebce-1444-4356-a1db-59bd83633665,a47efa73-ca40-40f2-a0b3-c1d61a6903c8,4,i
f65b9619-39cc-4072-9d1f-003610ee6310,67dd23cd-228e-433d-8c39-00b9e7437648,7,i
e1f0c186-04f5-4416-8b42-c9a165046c62,312f0862-1f1b-434d-aab1-a342bf857230,2,i
5d36563e-e31d-493a-a9a1-08881ad5edc9,0710dfdc-9558-44f2-a076-7efdd9d17924,8,i
e7f1416d-6e66-4940-b5ac-be9763966967,b51ae6e4-2afb-4b71-ba9f-75688881435c,8,i
6cb689b8-0673-4239-aa87-eef4fa6645d1,5707f5a2-683a-4fd9-b605-06889e66b8cc,2,i
ddd74c1f-5240-4d17-ab2d-defe79dba9ce,7fd500c2-9bc6-4ea0-878e-0d145c0bea35,6,i
783bfaaf-f3ea-4aef-b2f8-f2b3468d1e90,2aaa305e-cda3-4588-a4b2-de68f9fe8cbd,7,i
169d3ec7-6946-4488-9c99-bdc1c402feb5,9675567a-3b01-485c-b8ef-8d71393b858e,3,i
f5efb355-006e-4f1d-bb7f-1134b16775ad,cd881691-4e46-4129-bddb-de46564a7242,9,i
2ce1384d-212f-4ab6-8921-4d76b8fdda5c,642b9f7f-d59f-44c8-9633-2517f3930073,9,i
d09f3b76-2cad-49be-975e-eca9f58b5f0f,06dd42c9-da06-4ef9-ba91-92a0e14214c1,1,i
662f97c5-2833-401b-8ec4-abb2f7e6c071,2fa1bc44-8ee8-4b0d-b1ef-1e8cbe378486,6,i
3c7f8ae3-28a3-49ce-b21a-994fb6d91006,4a3d08d1-4259-4dc8-a00c-ce8f5f49f4bb,1,i
bed250a9-cd25-4f35-b4b5-9467942196dd,eceb24d7-b6d9-4278-8bcb-9f7c92e9ec8e,7,i
4b6d41a8-f0db-4e93-9f0d-45fc3a38d316,3a9269a1-2fa5-4af3-a93c-1e6d4863f776,2,i
a3154f05-20c0-41d7-b8ac-c013bed0c110,575a86d5-63cc-440e-a4ce-5d5c07c38129,3,i
a823fe49-08ea-4a41-bd1e-1036157d6ce1,d46d18b6-8b99-4b2e-aa5a-86d1151ef064,6,i
8dedbd90-7ba6-4d82-b079-2db1c8ef23f4,6019aa28-6488-4f96-8ab1-ca3e847aeb31,5,i
aee1a6c5-e24d-4c0f-a413-bb2a191d25dd,8a418924-655a-401e-bb80-43836161cfe9,2,i
f728c9f2-cccf-41a6-be42-b002eaaf08cb,07d6d4da-78cc-441c-a1e8-d2a0e6b45da6,7,i
66804178-ad29-4472-b12a-f3914e5cbabb,a50b6c61-411d-46c2-81c4-c11f359ce830,2,i
6565c627-ae82-4969-ad8a-c34517b639d2,49a2aed8-b005-4ecb-bf80-89f793c12727,2,i
787ef954-3213-439b-97a2-9e96e191e1c4,41a46b21-6bbb-43d7-b865-3dbc03ca71b2,2,i
21b4d32c-6831-42e8-9c0f-d226ecdb19a2,da6135ff-e0f5-4570-9957-1500909c046a,2,i
4bd82869-3673-4b96-83dd-348449584406,2c7d21ee-8f76-48de-9148-011e8c406a2c,3,i
32bca7d7-5661-468d-99ed-e9d723f4bce0,d66452dc-c9a1-431d-8056-d85a04f7df91,6,i
e5a96c1b-6389-4d19-8492-a24850af88d6,277142d5-0ba4-4033-a766-db02f6e58bc4,2,i
64e72312-92d2-477a-bc29-4add7ee6c375,20610d2f-4b97-4e41-84a4-8181181f5f1a,1,i
38b74ccc-dd46-4c00-8a77-e5d51aa294dc,3db50fe7-affb-48ee-9b95-ff455c9ef73c,1,i
1e600c9d-4518-481c-ae00-9a63a1c625fb,bfc70758-d981-4f08-8a42-c314b83ef328,9,i
409b8efc-5f18-4c42-8f6e-0ed8620a1947,f9b08cb6-fbc5-4247-84d8-7fa4d90f5daf,8,i
f5e9713a-6007-4294-b3bd-5bc540db4a29,2a2e0a70-39f9-47cb-8b44-05f098f50074,7,i
b09aa0ca-2532-489e-9323-b3ed4f77c709,7905fd26-e743-48d3-a3d1-7db6bf38b421,4,i
e7fd7204-8191-441b-879e-48c2394e019e,2028c8bd-dd99-4f96-8dec-ea5025ac904d,10,i
37f6ed89-e65e-43ed-91d7-c4273761c691,aa8cf087-8f41-44d8-93b5-81f3c2a98d46,2,i
655f6c79-ebf7-4c44-ab2c-041038f1ef87,4bb62df2-bdef-4439-83de-d6f52d3e750a,6,i
f8c6028e-f23f-454d-805b-b5f286b08221,56c093bc-dcb5-4597-b3d9-48029212ae18,8,i
0a5dad49-d810-4ea9-ac1f-8991882f1ad6,a90c6f5e-2bed-4942-b2c3-209d403632a8,7,i
09e9f7f2-d38c-49ae-b644-47866e3c98f2,9fd0c557-bfcb-472e-8ffb-c795ae358016,1,i
c6d8e41e-f7ce-4a04-9cb2-fa4cb7df450d,fb273f48-7e76-4635-8071-6d2c9537e417,4,i
42d39f96-a5cb-4be7-8ac2-58b5bd115fd1,d3e6160a-08a5-4378-9a74-e475f9373a4a,5,i
3b28e3b6-9575-449b-b32b-834d4baef012,1d6ce0ad-514f-41f0-ae45-043a466f8fc1,5,i
90a92b56-be69-4212-9d90-57a1d51e74e6,7464421a-dde1-48f4-8be7-0647a43d3a5b,8,i
e8ddc326-3e6a-46ae-bb20-475e0af1d1a9,6b38d980-9b4a-41e5-b32b-3a4ea5d54a14,4,i
b8dc3542-1609-4b22-9c5a-c14e7a9a1005,44d3dea6-c60b-42c9-adbb-4afbfa06a779,5,i
1d9018c5-7503-44bf-98cd-421d90f666c5,3a078cac-b5a6-45cd-a85a-13b8b97da643,7,i
3779e1d1-dbfd-4757-a4b2-9e96b2af4bde,b97c048e-781e-431a-b650-99117cfc6b48,5,i
ef472c9d-4a1b-4ee2-a4bf-fb4443ef00aa,ba7dad14-5805-4320-8c05-355fc450eea9,7,i
27976b50-bbbe-4cf8-be8b-4986cc5376f3,b2ff43c6-7c86-49b1-b853-24b52b4c4137,7,i
4be1a1c3-b629-4c76-a73b-a7e1b2b8e1b1,206977f5-715d-47f7-8c24-be8617157fbe,3,i
03ad29ce-2d1f-4fc9-81d4-36af530055db,8c1505ec-9a76-40e3-ba66-ced448f0b5d5,10,i
d6dba3e6-a672-43b1-b612-5c8453bf584c,77895b0d-e893-4b57-8689-4b6b3306db2a,6,i
597ddb08-d935-4f88-a4c3-67e01aa04f46,47295c0e-5f2e-48a5-a1d9-ac4679798c28,3,i
c2496f7f-1bf5-44b3-b778-0f0462e54f5c,83a69018-de3f-49ef-bf4c-873fb7177661,10,i
3e3207a5-a6ae-4231-a647-19e0d4b29509,34421216-644d-4861-8b38-60af8d609d1e,4,i
e8e36915-2c78-4c52-82a8-90fc4df33c40,1e2c9b64-e858-42cd-9417-6b4944b73e68,7,i
43b7e601-170c-4431-90d4-db467ccff4b7,67a3fe89-a180-461b-a324-764e1cd4175d,1,i
9bce301d-26b7-477c-be63-243b5a86f20f,4efb213c-e804-4ea5-a227-11dee18b6fcf,5,i
86ea4f80-88ab-40d4-8f48-0c02f5cc8cf4,e06fb3b6-db49-4733-a906-58d23e1aadef,9,i
002d10a4-7fd6-433f-a3c8-ffd86282379a,6ba523e6-3f18-4813-b471-516d0be346e6,7,i
70103766-7bff-46ba-ae0d-eb89de8f9252,3ba077b1-0832-47a2-a5a0-bb6bf35fdc2b,9,i
873652ff-8b03-4743-9e4f-7d58a8b26b33,10472b5b-fd54-4029-aa8a-6b8063ba71fe,4,i
033d14c7-decf-402e-b7bf-589b27d677c8,54c65964-910a-47ae-a8d9-321dcd256ea8,2,i
1026920d-347c-46ae-848f-f53ca4965d51,b4a5c806-01c1-4c9b-8bb7-da06c8a16605,9,i
845bf632-7b0e-4bef-bb22-7c74f47cf8ad,3f8163e6-cdf5-453d-95ea-1c9e4646c842,9,i
354f5ae5-ce24-4f4f-ab57-7720d7beb068,0d09a6ae-c296-4325-bc11-18cd9fb73dbc,8,i
c1214274-ec55-4608-b090-a72aad2321c9,07b18368-98af-4a10-b40a-3f949f3434f8,10,i
f603af82-670e-42c4-b86d-f2da8b9fafc0,7e175ca6-d766-418e-937e-d4de971b5d69,9,i
1af4b929-40c8-4a9c-95b9-fa7929451aab,fb3b5524-c25c-48ec-8b74-9222bad4188e,4,i
6abfe8b3-5b33-45b9-971a-30871b3573b5,ae714fef-512a-4113-966e-29741e138ad1,5,i
21c76dbb-7b37-49c5-bdaa-97ded3aee4c2,80305462-d536-417e-9e6d-68986f53eb4e,8,i
10fc3c61-70c7-45a6-bbb5-e155f2cfc884,a67a2e68-0db4-43b4-b77f-e6f9b83e671a,5,i
ec07e873-d0d8-43d0-a14a-13f1dd344b0f,3f3a5e19-08bf-4f15-ac2e-35e5a13a927e,10,i
da5efc20-73bb-4159-a60a-61740be8b684,6e5a9b4e-1b7d-4545-86ab-5b2410c91e2f,3,i
b0739ec7-44e1-49bd-802a-606a9d93a9a3,bade38fe-89d9-4015-97c5-d26f9635f181,6,i
05ec1665-1057-4652-8a53-4bb63c912e16,b503a060-497f-4a34-ae66-c48c412c3125,3,i
e74885aa-7ff6-47c7-9d92-02374aea60df,dd8126bf-155a-49dd-88c6-5131d5994df1,5,i
321f30a9-4ae8-4178-8da1-7c3ebaa7ba3b,e2abf586-b4f0-4fef-b2db-edf7013e3316,6,i
bdcb7a67-2afb-4189-a81b-bb187f5aded4,483d4985-0639-4f7b-ba65-904276ae9d43,3,i
168dfb67-1636-4b5d-b3a9-99ad99d454f2,fab7f58f-cd02-4d2e-870e-e5cfd72c2acd,2,i
0500841b-7b56-4436-b5a3-a403dd102e8c,a1dcc2c0-4106-459a-a0c8-0fff2a7d22d2,2,i
7f808479-c64d-4a5f-8d44-6b902f14c8dc,12a56586-de98-4581-8206-bb0dc4f8c61d,9,i
d9475c2b-dfdc-402b-93b9-293932946306,3c64aded-cb99-489e-9af9-bf48523b3232,1,i
b42fd949-5853-4435-ab2d-499fec67438a,065c3761-4063-4327-b90a-723ac120f580,5,i
72d738b4-31d2-4cac-a067-ddad57d46529,47272dda-916d-43c5-a0d6-925192f3ae38,7,i
dec157ba-357d-496b-8583-582aef3ae67c,1006cd6b-5788-429b-9c2e-39bd0bad987e,7,i
1bb0ee8f-6015-40b0-9070-175c844daad6,9a2dc1d9-20ad-41a7-a852-288cbc91fdf7,5,i
6d6b80b6-c1e1-4ad4-bc9c-cb8200f29da1,f9a8a7ff-acee-4a4d-862d-99b8e0349398,1,i
8a4710ff-af03-4278-89ec-a075cef61042,e59f2011-84fd-4a33-83c9-d2b46decec46,7,i
de976db1-7931-462d-b75a-67d6a710b7de,e139674c-c5c9-4f0b-bd20-3ae9e23b2ddd,7,i
d4b42146-d7c7-49dc-9a2e-d789de2927d1,8f38b552-8e07-4284-afaf-fac374b22f6f,1,i
99798136-92b8-4564-a02a-2e1c19e579db,1f5bdbbc-7a35-479e-a60a-abf4adf4db71,9,i
633d4759-f4b2-4e25-855e-30d9b7ae6bff,65f004f9-74d6-481e-bc07-94a870c31a8a,6,i
b960ea75-4835-4840-a768-1e7fd53abdb8,514ccf19-91bb-4e5a-bbca-997644def565,4,i
3650f9e3-5ccc-4d7a-b6f4-7a66e0463605,32fcdaf8-95e2-47c1-b8db-006d3554105c,7,i
7867686f-522e-43a6-9d62-e5aa87b335bd,388c1495-a65d-42d9-a2e0-7957cdc173fa,4,i
ad28ba21-f62c-4bce-a179-ea841246f883,c506dc7f-22ef-42db-9e12-0f27b9989758,4,i
49e7688c-f41e-4816-8a01-9ae746c426c1,98598d76-80e8-4847-a31f-5872e9303f97,1,i
80acff53-66ac-49d6-9068-e38a16b8757b,59cd2813-7257-4257-8444-7f2ce6d51802,10,i
7d5f70e1-f686-4695-be4f-056c709488d1,9602e801-3ec4-46ed-a477-ec374564843e,7,i
abc11840-ffbc-4732-95bc-0654432b0f30,fa792bef-c1f6-4c18-98ce-bf87a9f96a23,5,i
61e7cae6-37ed-43a4-9fc0-4f6fd65ca13b,a1307536-0f6a-4c09-8eeb-d6d3a13ca473,7,i
79fd995c-a148-4ea1-912c-b1a93cb4d879,e9babce5-802d-4507-983c-83864307cfcf,1,i
864e170b-62e2-4131-90be-60c87134f497,20fb90cb-5272-4905-863b-cb846e2884e8,8,i
5366c796-46b0-4108-84e9-0cb49dc438c3,bee3ead2-9337-442e-8fd6-674b921eb403,6,i
989b85ac-0256-435d-8f8d-7a38418e8470,2d8af817-ddd5-4357-974d-70a2e711e8f7,1,i
1f6ded6b-3819-43d8-aee5-3d0cb26aae68,01c5d711-5398-4cc6-bd80-e9973836d108,6,i
e1bcccbb-69d3-48b6-b212-4644689187a8,4baff5ab-a2d2-40c3-95f1-bf8b7a253a5a,10,i
40b861d3-83cf-4e85-9dee-5c9883c3fb34,0b7fab5e-436b-41f5-ad42-6ffd56d8f3cc,8,i
4e9e75aa-0037-42ea-a1ef-8bc3216412a8,22187c06-cda8-4eef-b8e9-6506878c96cc,5,i
eccdf327-ecba-4e9b-b575-cfa4530c5e63,d68d8c9b-7f30-49fb-970c-7dd868dff68f,5,i
3ca38538-4f3f-45c6-989d-a9a020bfdf1c,97a3b4f3-938d-4844-a5ed-c96b2a420b07,6,i
8ab54ec7-5293-413b-8553-6a61d9c2a969,f991ab2b-7290-4e69-82c8-6f7c6e42ab0f,9,i
08e0a0ed-18fc-4bcc-a5ac-ee2c09e5823e,31f621ff-5dc5-4dca-86ae-2aa10592c2d7,10,i
62f11594-db07-4034-98b6-9db4c9c14d04,ae277b6c-4f5b-4c08-86f4-d2404b9f2ad0,2,i
ffcc847c-03c8-49a9-813b-9dcf20f0d8a3,f789e622-8c4c-4c7f-af50-eaf14a6d9a65,8,i
1e9309a3-0453-47ea-93ad-4118df121387,4829edf7-6435-4ae1-893f-4f5929b9e1f7,7,i
4c7222f3-81bb-43d0-ba63-aa409be91b67,157f2c2b-086d-4e1a-82a3-f27e1fc27c6a,2,i
ed2059e4-4601-4e20-9420-6f8da0c5750a,fe46d219-998e-4d0e-9f14-80e61eef6811,5,i
ba701a98-5c1f-4e87-b371-539f401eee6e,9d1796a2-6d2a-424a-86a0-1ace0b44745d,4,i
26ad3795-7d03-4662-98ce-0126b3cd1de2,0dee40b0-f307-4593-9ef4-76ea48b297b2,8,i
78eb5ddd-cdca-4877-a3f7-7695954a0b67,837fba78-9c1b-4b0f-a5d2-3aaae34b92fb,1,i
92e7ea48-4f52-4344-9b69-18f0ee2f040d,f325e88a-c60e-4487-91f9-6ca6270d9d80,1,i
bbea8693-e3f8-49d4-8a48-648e5c0da3d6,c7ada3c3-36d8-47e5-91f9-60c6dc7df74f,1,i
b8b2b4a2-d14b-4d08-af51-4192495b6646,90834097-4c10-41e7-8dc6-1c5f3128c6c6,1,i
5e476c15-fc27-40dc-b7dc-8ac4e2685756,6a4a9d69-fa52-4d64-80b8-1b4b1d6b6873,1,i
7dbf8a63-1d0f-48a5-b46d-07eab9347ef5,00e302e2-4749-4f3e-a0b1-13e8f4e32377,1,i
d3d03c61-7aa1-4d6e-86bc-7175c2da5aaa,cfa9368c-9448-43af-872f-3b8fa19330f6,6,i
260469c6-2890-4ee1-ac70-cfe5a532227a,83e543f6-f532-4a99-b4d5-126c462b97a6,10,i
5438a848-e31e-4c50-a3f6-85ee61027c87,1893aafa-c3e6-432d-aa99-9134c8f161c9,10,i
2465ecde-64a4-43b7-b98a-443b5004788c,498a84ef-12a8-475b-a562-a32b205a8583,2,i
1691e0e4-184c-444e-9d41-c01c02ee3689,90d26213-e8e2-4b44-be2a-61ba5adeb4af,9,i
9127d7c3-519b-4e19-91e5-775d497267b3,0001142f-e71a-4135-ac6c-e8818a4b0f28,8,i
023dbe88-6859-43e7-816b-17b9b0a5b87c,0b0f12c0-1617-47c6-b198-e5cecd205fc9,5,i
7bd18b18-9f12-4193-9e5d-f0bedd1437ed,62bc1dc5-9075-4210-9df8-c9390eabd618,4,i
8eb1bad3-7a88-4527-bf6c-f5bedd26e12f,2047d838-eb2c-4ffa-983f-c1d050be9d31,8,i
eea40db3-a285-4fbf-8334-05b3195c38ff,e7dfd895-ccc6-422b-93ab-04347fbd32e8,1,i
3d95fae4-a46d-4fd2-89a0-b28082a209b7,dd07f22f-9c1e-4759-a240-77cc92726f80,9,i
46f6818c-d209-4bc0-a866-0db251dd0de3,bb1d5fbc-46e2-4d0a-af94-1e365b5252c1,1,i
288fc2ef-bebc-4982-bc68-422aa7845c84,bf967a5b-f42a-47bb-84d3-ae99509714cf,10,i
35588469-510d-4d84-8b4e-49609806f986,ef87be8e-b08c-4ed2-ae43-5988152b2109,9,i
cbf38a10-f55b-450c-9970-70d5d8535a2b,d4bb6080-2402-437e-9f81-8b8fa1a2f7db,2,i
595b96b6-922a-4d47-9cd3-8a750252bfa2,d0dcbb7d-38e2-4518-bdc4-17197bd3ae47,1,i
f95f1445-8a62-4d50-a3e8-38129bc5a3a9,50b25d73-9a39-4f6a-933c-7ac6f3e15bc7,6,i
13f3e9b8-ce49-412b-82da-86cd53e31653,c8e90a69-c821-4d0a-a2c7-08429539e448,10,i
2d582c4c-0af8-46be-9de6-2ecc2b3dbce1,aec51756-738c-4343-ac75-1ea3cf326a70,2,i
c990b957-8b66-44c3-a49a-32400cc5ce26,0626cb8b-2c82-4d8d-958b-929e1cdc1d54,2,i
4d9e22cb-1f4e-4314-bcb5-9b68845e1aa5,87692d77-df1a-41b7-ac5b-463f5c39d510,5,i
6eb0471b-a887-437d-bd38-03fd9af7ceda,26661639-eecd-4b1b-8c1e-93d216ef49b1,1,i
9802a0ba-f41e-4045-a6e5-6bdf99fb5f0c,26c483c4-c91a-4a88-b779-84ed09cce924,3,i
68e7e852-a8ad-40ac-adb8-8bc8add24692,ebe5cf52-1d42-48cf-ae20-32087c4dba2b,7,i
0842c789-9b17-427c-8439-4a899c64d7d7,9f539d7a-260b-4c08-b349-67d1d830b7a6,1,i
b383add8-c2e4-4bf9-8658-849b15eacf92,4ef0d0cf-8c72-44c5-bdc4-feca31941ff7,3,i
180d9c34-8666-4d7b-b47a-0aab70ee96ff,b2b7f832-664c-4052-a04f-f18d4dfdd33f,8,i
6f01cd40-e9af-4e84-a52b-486ddbe45783,33f81628-16f4-4dc0-8258-07dd8fae4e56,10,i
271efe73-7d2e-4daf-b6c4-b1f07bbd809c,c09800fb-6e53-4c63-a012-616e80aa00d2,1,i
43388c3b-59a8-49a4-93c2-a1a60bc18f93,0d11b5eb-26a4-414f-bdfc-5649392f9209,4,i
422fd0c2-b6a2-421d-9d3e-ce44d031ff6d,27abc972-5cea-4af7-98f6-ad8bb9965300,7,i
3737c54d-96a0-49b5-8a19-e534e16313a2,6c254fea-72d1-4833-b9d5-af4e37b37296,3,i
4ba76d77-3ae0-4b80-9813-b9da9a535dc1,18af21e5-d223-4e22-b7dd-a6a7058dfa72,3,i
371d1579-f867-412f-a20f-7ff49fbf2bd0,d8d36a6f-c567-4adf-9696-ca99ff3ac3d7,5,i
e2299674-0e5f-4e45-83e0-d9cf96bb65e0,a2818692-8f8b-445f-8aa9-e45c9f4716f3,7,i
a5e133ab-392a-41bc-957b-f4e14ccd1291,36312dd8-e8a0-48c1-ae36-806b954a98b5,1,i
8986ffae-1534-4254-b215-16521a220a5f,cd700023-9692-4827-8675-9b72631f0dc5,7,i
c8cd5d6d-0019-4bb1-8be5-215bf818bb6b,1aa05ed2-52e0-49de-8a10-afe7236ac6b7,5,i
686077d9-b633-4b85-a5af-a09f04c81f9f,feb2e646-7334-403f-b57b-4affcfc856cf,1,i
0f1fe6a3-ae7b-4103-9665-e79fc29703ac,51a89545-0af4-407b-a032-619e93cf297c,3,i
48f2988e-50ca-4927-bad3-d455a7f6b377,9c60e344-0dbc-43a4-8b28-38c841ed2f12,3,i
225b2ed4-d0c0-4d4b-b29d-680e5ad91d65,2dd6a6da-4ce8-45ae-ab97-0e7ddba6cd04,5,i
fcd96006-8f07-45f5-89ca-90374068725a,c5a4b2d0-c7a7-48db-9b21-7004034bf226,10,i
1731669b-aa05-4033-9bf1-04c53633a1b3,6184ac71-0468-4a28-b0e7-3453ceeadc2a,3,i
6db6b20e-f67d-4e91-98d9-3b378f892b20,4a0d3cde-84b4-4c7d-aec5-dd4e9829fd68,7,i
8655a95e-af76-4e85-98f5-fbf93e8b14bc,d313208d-02f6-4822-86d8-c52693403b81,2,i
19fdba4f-2a78-43ac-aff1-3ae2bde3ffc2,9b617ca9-f67d-425e-82cc-0d21c9ff57a7,7,i
575350ed-520e-4a81-b017-ecb5cd8eb927,7773d05e-6b44-496e-97bf-a177ac36630b,10,i
af84220e-c0c3-4669-902b-3ac615abdd5b,22b7de3b-02e0-4e13-be41-dedf68a7fba6,3,i
7011b033-05e8-4088-b3bb-55ccd1db4cfd,a69a8922-1806-41f8-b3af-e285580aab42,5,i
43bdd8d8-d7ab-492e-8cd2-6a707a3cc253,029ac8fc-011b-45b0-98bd-d44a43faba8d,6,i
bc8b0c25-4eb3-4d22-8d57-72e0a5659047,2b962f15-066f-4293-9bc5-1f1ddd58404b,1,i
c84fafec-0fe1-480d-99d8-c4e6f877fab3,7becb66a-bf82-431e-b0cc-1ca7230aab99,1,i
9692e000-14f6-4df8-8259-626d3788625a,9d57e236-314d-4539-b17e-9f1610019ddf,4,i
05d15ec7-13d9-4090-9d5e-44ce97d79c56,61543d80-1c73-4a0b-bd7c-82771a9528f4,4,i
10e87286-a54e-427a-8752-b33ba36d2cbb,3e198be2-a718-4307-981f-7a12fb47cfbf,2,i
a898359e-025b-4590-a2a7-1e37a9dc39d5,24701470-6a80-4828-acb2-46c4823a27c3,6,i
75f68ba4-5805-434e-9594-a8daedeffab8,14427312-d990-40bb-a9f8-6d21f31b21c0,8,i
dc900d7a-3941-4be2-a819-b17235191616,e5024b87-ade6-4736-861a-1edeeb794f96,10,i
2c5f026e-fdd2-40eb-aa64-29a589a0cd47,1437bff7-5604-4733-ad55-08857e5af641,5,i
5904c3d6-0f04-4107-853f-972a2286019a,941f8790-91d2-488b-85aa-e1934f7faa44,4,i
2cac63df-7732-4a55-a5d5-84880f392b11,cf080770-b56e-49ea-91d7-4d890d119682,6,i
a597d4c9-f687-48de-8b28-b0cd5cc3051e,6b2cfc28-03dc-4c7d-a17b-a8356092d6b6,4,i
f0155d73-f8f6-4380-a115-caa564c370ec,18f18287-eceb-4d0d-a17e-151a5afd51a3,7,i
864aead2-774a-4dc4-8797-36d1790cef37,e9059f60-523e-4fae-9df4-9083a77c3c90,3,i
54caec43-3a03-49da-9d6f-12e941bca1eb,4dcc42fc-7db2-4f48-8f93-56d7a1f5709b,2,i
ec21e344-c8d6-41fa-96df-0352193336a7,89a0c06c-18bd-4387-b3ca-aef10b8cc46c,5,i
5b7d2e68-1c4f-41dc-b5bb-043d7feb2791,78ef45db-75ce-4205-8f4b-dc75954ef17c,4,i
e12c3584-6ae6-404a-a7c2-44f3ce864600,752645d9-1bee-4ab8-90b3-2c397ca65964,10,i
e8111fd4-8e14-47bc-b5cf-159ad49d141c,ae449362-88a7-41bd-995f-245b51244fb8,2,i
2792baf3-6aed-4385-b4c6-64ed82a3fb31,ce034265-0cde-46d5-9bcb-7584261eac86,2,i
261d725a-32ff-43f2-8d70-d82beab38c61,8cfbc453-a969-4211-b613-a882f988ba5f,8,i
fc5612dd-4311-4a67-8f00-b7f49710978c,1af73bb5-2554-4a6d-bbad-fdbf24afc2c5,8,i
2e01a7ff-c073-4ddb-b687-b7609c001c36,0a822766-a7da-4b0f-8571-9f640a8cc3fe,8,i
693dd3b2-e150-47f1-b8c7-2b35c698c22f,756d9d13-ca11-481b-960e-dfc0f0085eca,2,i
4c145ad1-0269-4b18-88eb-8c61b3354fa6,f0b51c25-034e-4eef-9be3-5a116fe0688c,4,i
c7271abb-3a41-4be5-b7e5-662331e56770,341912fb-ccf4-45ff-9658-cafbf6350df9,1,i
ebbe99f4-f72b-41da-bdc6-65cfdebc07c9,a308f6db-953a-49e6-b677-6caef4571a49,6,i
367ac0ae-4d46-40b9-9121-611e75cccd30,e429bd8a-9385-4aaf-bd3f-3630e70daa01,6,i
e6657510-a266-4864-a200-3e51538b4281,19a47ba7-b152-4395-a09e-1e0bf559ff99,10,i
6473a970-651c-471e-89e1-d365aec1cd7e,f302c520-dd5f-4d35-a582-b533bf43273d,2,i
6a17e2d4-8fe7-40c8-b6aa-67cbeb166fea,2d41c7d6-8f39-49ff-8b6b-d7b7b600a1e8,7,i
83d43bdf-c7f4-4b26-9cb2-27c57279d3e9,62f47445-7f44-487b-a51d-ff5934f9090c,8,i
d9f778c0-fbff-43f1-b1db-e9bbbe783516,48876d5f-a677-4005-98ea-71c5d2fa8203,3,i
3db02224-70f4-4bb0-899f-f8ebd09f2cbc,336508a2-2921-4a47-9407-ca574063d870,5,i
4b1da5ca-19e2-4088-aefd-68409f00f0f2,62eb5c06-f855-43ba-87f6-c8ba95ed9173,5,i
4125d094-2762-43cc-9a11-08909ac06cfc,bd4e44b5-7995-409a-8af1-29911a52845c,10,i
051234ad-36d4-446e-b1f8-3a8d32eb46cd,390eeefa-0e6a-4242-a52d-18cd4dc650de,7,i
f67123ab-9b99-4b3a-bbf3-88432b755c4c,f7b27914-3308-4384-af17-955a71950543,4,i
418b7d79-a8b7-4d17-8b92-714a7d62b79f,4024ad2a-e692-48a7-b87c-67f553399d1a,5,i
8280b52a-b2ff-48d1-bab1-bf4649afb87e,c5a53fd5-b04b-448b-bd5a-757b60caa537,6,i
aad70dee-ae49-4992-84bd-be2176d7407b,c95dcdff-544a-4b2c-ae2c-cfddf2124b50,3,i
f8e366ca-d4d3-4dba-af71-77264375196b,1bfeb2dc-6fdb-4779-86a9-94408542e2b2,5,i
7adb7c7e-479a-42d6-81fb-64d7836392b6,923f2a72-a269-4f69-a7bf-39f069bf2606,5,i
ae729440-e28f-4556-a235-82c97d5ab526,baa8da3f-e1f7-4bc7-b75e-60e494d44f53,7,i
5a3d9b8e-04eb-4d7d-8aaf-af84fba515c3,fa8be1cc-ecb8-41bc-ac99-db467932d5e5,6,i
6f122578-e6ec-4464-9a30-d58a06832ff0,dd3d5454-4ed8-40b1-a818-55865f4c43c7,3,i
43997ae9-dd42-4954-931b-ec0a6f4c0a00,dc720aa6-5011-41e7-a4c3-e158c4cbd497,10,i
7cad549e-22ed-4ac0-a654-c2cba77a257b,eb25eb00-4955-4f67-b2e5-0fad97419892,4,i
f8b75f3e-1902-407e-9e5f-7c69327237af,930ed8e7-9fd8-4930-8295-bd7d9ca346e2,6,i
1580cb0b-fb2f-4e9e-983e-43d659fec866,199ea262-cfc3-4898-a87d-50bc0030f741,8,i
0568b60c-c45c-4672-8932-23c4182d57b0,4826aad6-a381-492f-8cc7-3992ef3370e4,1,i
04e3fdf5-b323-444d-afb2-32ae1cfe017c,eaffd5e7-ea56-4848-a286-13cda453e14a,6,i
8e53eaae-3417-41b8-ac8e-e1d7dda55ebd,9bcea18e-a65e-4ba8-af51-33fb0d3a5d2c,4,i
c85bb87a-3194-42ec-930f-dcfd365ccd55,019ab282-3f21-46fe-a7ec-3aa17a1fa844,3,i
db42611d-94dd-4c87-be2a-b93422ebd547,287c75af-7844-4751-8cbc-74521afef995,10,i
02ea881e-8ecc-4139-b447-2be62773febe,3d5f30bc-2522-4709-9da7-cc9bc62224c9,5,i
9aca19f7-dc6b-4625-aebd-1c3646cfd99a,9e16554e-11e9-4c1c-bd12-5d9f357ab977,4,i
ad5158d1-9132-4e22-9699-c0e4dbc8e7a5,50a29463-7f0c-48b7-908e-e3a44d0b6403,9,i
0867c6ab-ebbc-4a42-8e62-fcb58f313254,0bafbf16-1b44-4fa0-b7d7-adeb1602e428,10,i
e2555b17-00bf-4ea3-b247-07bcd0b772df,89507be9-32db-4fcf-a4f2-1c2f04031bd0,2,i
af594e62-59d4-4077-98c0-d1717ae377b9,99fc8563-03ea-48a3-a287-bcd8c516b09e,8,i
1cacb314-794b-4778-a7f1-9949f6531198,27780d31-e730-4558-a5e0-e546843dd154,2,i
2e158265-0cce-49b5-b40f-6b9c278a6b72,656c37ee-0793-4eef-90d4-fd5596d5ca00,9,i
3a6cb41a-121f-4842-9cae-dd41435d9015,34e28cad-1010-4014-8c5c-0f478af0ad02,7,i
2d09f527-03a8-4e44-acf1-985d27a59cf6,b42b0d43-e555-4c35-88ec-7d8255c93671,1,i
a2054d37-f036-480c-998c-c5c44ef8395a,f2d73031-d2c1-4adf-bbd3-b473957140e0,6,i
053fa317-efed-4528-836d-95c2a0a75686,01b3e201-bf20-4d01-a33f-d02df133bb18,1,i
0d6960c9-9a15-436b-ae54-097c58141a20,8d6b3e8a-ab75-4c82-8711-660634cace0e,1,i
79629c84-14af-4018-9e0e-3cadc4091e94,592b6c95-2a93-4f53-97a2-1f4d55830254,2,i
7f9119e6-1e6d-4a1a-b626-3da7798e7c7d,0a91b6dd-05ab-40e6-adf8-82466fbe252d,7,i
94451456-c53e-4afe-9c09-5e368d815426,e5b38f65-e90b-42ed-a3de-14fa3c955277,6,i
84333276-7991-48c0-867d-edf23d6befed,78adb20c-6ad4-40bb-9080-84d736232f46,3,i
6bcae55f-de43-4de9-91f9-e40a49e5b31f,91423b6b-ef97-4e2a-add1-88921e67eba9,2,i
d53d493a-9716-478d-a1e6-259d738004d8,519cf579-2819-4e5c-a221-dae5a1eca828,8,i
5d6c7f4b-3f3e-4ecf-94e0-6aebc30b4e1a,a4342a97-1141-45d0-8185-9afc591a644c,9,i
0336e149-5847-41d8-ab79-7e4530286fbf,f289eab4-5b1f-4da1-830a-7bdde88c5fd7,4,i
24ab2377-80e9-4b23-aaeb-0f7f882dd9c0,935e2475-6381-4796-a4fa-0d6d7844d5c1,5,i
7ee363d2-3e54-4463-a4e9-32ecb268b91f,a47e0305-15d0-4a24-ab85-098424f0e28b,8,i
cbc81dbd-ea86-4733-86a8-a7841bf67125,2f9de5be-9021-4031-ad2d-f870db5e158e,1,i
c9e9a29f-bdfd-4709-8be2-52143f7cce70,f83b6cd2-8522-4046-8620-8b35fd0680d1,9,i
47a344c7-83c6-4c4d-8cb9-dacb1c6aadbf,c508e42a-034d-48e5-9e1a-8475ff533102,8,i
d5f8d319-7db6-4542-9956-05167fb4f23c,caf830b2-f925-4d51-a9ea-e4c908e9a788,3,i
1087f25d-9ea4-45c1-b140-54780b87af05,eaef70f6-8380-4d7c-af72-fe586b61e157,8,i
1e77e707-923b-4871-beff-8878882a148b,05983b94-ca19-4922-9a4e-e2a2f1243512,4,i
bafbc085-e962-4cbd-a71e-83cc66aed089,b9eda373-dc66-4c3d-9d9a-2e4284dfd88f,2,i
816bb816-ed22-48af-b9dc-499b8b5c1b19,4d2855d3-eddc-41af-b80e-beec8d83ecb4,2,i
f1759dae-3412-4083-a199-84df00a88559,920e4fed-b7a8-4951-993e-255ef1e8b4de,7,i
84b77f20-7acb-46e8-98d0-ffd0ad49a88d,02c64555-eb6e-4442-88f3-b13f76185236,1,i
ae309784-9194-477a-a716-863066feddae,217c2dea-7b99-41cf-8460-5c0ec8fd9ab6,3,i
91d83cd5-2f77-433d-ac4f-5c18165c797e,bbdd1f4b-8db6-4c8e-abae-14b5285775b4,1,i
af0a8b29-a92c-41bb-8d0e-3a5b8cd5b397,7de20580-9959-4686-82e8-9abf0e425d15,9,i
1b665bcf-9dbe-45e4-927f-006f58cd811b,73f1c087-11b0-4a89-8a07-9bc39f4f6239,6,i
1bc3b322-0a07-4bb9-80b0-000809b8e73f,47363c56-7116-4f5d-bcc9-979ef1bb4dcb,10,i
18a8ca93-1fbd-40cd-9392-72ccd2a07d33,f9095ff1-bb2d-44dc-a341-9a5450e337e6,7,i
7e5669e4-90a7-4916-bee6-403939deeba4,00b7e1ed-489d-4b74-a2d1-0b1c7a12896f,3,i
d4ac1813-8f60-4d3c-837f-8bd6869efd45,59aea412-7f0b-4420-9ded-8decb898a67a,5,i
7e0ed885-dd57-4ca2-89ed-6d70af210ad7,708deb3f-8999-4800-b342-805b0b46a119,8,i
4b79be84-c60f-43f2-9161-4fb9c3706def,19ad5a9a-8ee5-4d90-8c6d-176f087c62c5,5,i
8798efb7-797c-4dc7-9981-ba41e926b04f,5ef4764d-cc97-4c62-9a0e-8d9faf63d1c4,3,i
012882e3-f489-47ad-88f1-747daf5b7a46,396b0337-70a2-4599-8443-4840b38783b8,7,i
2fd92963-5194-4f19-a9e6-7e7157f18ac2,ae9adbb7-5671-42d1-96f2-fe9e7f84c0ff,5,i
8ade5ec6-7ae1-42f4-8122-da34830c7997,ed4cad6d-4c96-4642-b570-ef3d8f0531dc,4,i
11892b32-01aa-411a-965a-c481fa992e3a,b758a3c8-a8f3-455a-9d02-21a620eb627e,10,i
1030eee3-a6bb-48bc-bd87-cf1938064f7c,094306f1-0399-46d0-b0c1-38139c99dc00,8,i
a8a9abec-36ec-424b-b71e-dfd3417426bc,ec4df008-54a3-4049-a1ca-23fd50198b4c,5,i
04d1a4cb-79e5-4a2d-ac33-8f06f816093b,29a22aba-0602-4528-8670-35af58c13129,7,i
01975e14-879f-4bbb-9f60-7e65e1dd07bd,1f77e4f9-855f-41e8-8743-f32d847eb2cb,3,i
615837e0-f848-4188-aea4-c73459b98202,446df61a-7472-4d34-9bde-47b81a47181e,1,i
8a341a30-629b-4e84-8ded-d26e5d24c1a9,6a53483e-ee33-4691-b304-43dc4d9ea04d,3,i
150229ec-83f6-4432-89c2-9d63f2731d82,35140a05-d0ad-4b92-b0fe-8ed91bdd04ac,1,i
e6d23d75-572a-4b06-a79f-63f56b73573e,4135b9ec-cc42-4103-b954-f351286127d3,3,i
433eb8f6-8141-401e-9465-cd7fef159e5a,414f5bc2-017e-47ad-8bdf-da5d16c8fe8b,1,i
2775dad2-3e3a-4607-b70a-e69ea1d3bb37,004e4121-8f48-4ce0-a8d4-9011b05ef24f,3,i
8dfbac07-9963-4386-880f-cb2b2eba8e44,b7ccdcdd-0f88-403f-b2c7-d11174b5463b,8,i
ebca8890-bd1c-4737-b856-623e6b5c150a,f2739c20-9bc2-48eb-813d-8cb8ac7c5abe,7,i
804450c4-e521-4223-9162-24992c6e84f8,26f30b24-4e14-41fb-a984-b2f51a38f458,10,i
c4ba519d-06c5-4519-ba6c-083c603f8892,72ec24e0-1de0-4c90-a6f6-7d3f2e8d7957,5,i
9d57aaee-2715-414a-b101-1daaf97d8fe8,88ff721e-7262-4062-8a7f-ca4ef7b53cf7,1,i
10c2857d-3297-4ab4-9a4c-01792c4099f3,644e32b1-ef9d-4e5f-8b9c-0fb6021c1ef2,5,i
5a821dca-708b-4504-a65c-b2e7b53b721c,f218d457-11e9-42cc-88fa-36e2a973e6c2,4,i
66de4c23-db22-4436-8f0c-2aa97c40c38a,a3ce4091-07b6-4270-babf-0e4a9edaf648,9,i
f263bdce-f9ac-4492-8059-8e301bef9913,d692e361-c9dc-4d11-b3f7-5c76575ef136,8,i
9c201824-b943-4c2d-8229-179234aab0cb,8cf3d990-82bd-45f1-8d38-8dc51f0bb2ab,1,i
c0081391-ddee-41cf-af25-19c6b9a5912d,ec3d9b3f-7d2e-416e-a1c9-97b1da9b440b,4,i
5581093e-ed83-4119-a71a-d6d9ec97c241,371a693b-4315-423e-b9a8-507f49f60b94,5,i
cfee596d-35f6-4c8a-96e5-72de2b4770fc,509f6700-8283-42f3-8c75-29abc01eda76,5,i
b6a5a6f7-9f6e-432d-a000-1bae4e391b7c,32ef30c2-4b3a-48d9-a9aa-612a1d842a69,9,i
93818051-3927-4ad7-88c0-be153f1dbfca,fa5127f5-7270-4eaf-aff0-684ec61cab5f,8,i
4a8da9d9-38c6-4c97-a39b-f9f882816c5f,92a7d195-6916-4f5f-a8d3-00ae9c5bea69,1,i
aa029a72-2529-43bc-af3f-a926b5d89385,80817649-0201-490e-8720-6250ed472e08,6,i
7284f28c-c8a1-479d-887d-f7c5b45d3fd4,2e0d5ac7-3ab9-4543-ae23-dbe85bbc3125,4,i
617d5a22-1130-477a-be0c-048095f49136,8121f305-8e4b-42d3-81fb-4bd4c60f23d1,1,i
d985aa8c-3f09-40e8-b2a6-8974647bd71e,1bc3e1fb-6009-4e63-8747-8b0d47208309,8,i
12020ab2-0a81-44f3-b9e0-99ca9b011857,f6f1d935-654e-4ca5-99a2-d3b850194601,8,i
71acdfca-0bcb-4165-8d12-aee3a4836516,a315244c-26c5-4f04-abf8-0bc88a0f0657,4,i
f36a7561-d28e-44ed-8386-2b1724396925,157dad8f-95cd-41be-9134-5a0e8831e1ae,6,i
ff50997f-e151-47e5-acc5-6d0ef82afd96,4d5763fb-0f01-4856-ba45-86a1f2bf7e0c,8,i
cdc0cc89-a2e6-4aa3-8cf1-429b98981540,aeadba65-9273-467c-8e0b-f18cd2142acd,1,i
0f1b25df-3480-4cc2-b353-a26b497bb38e,630b405e-5459-4008-84c5-288fecb83446,6,i
89e7dbb6-6d91-4e1f-aeb8-6e2feedf0511,f548e962-52f0-428c-bfa4-c9a64f9b3798,8,i
b259c6c9-ffcd-48e1-a1dc-d68654e22605,dbb70ed4-b148-47a3-861f-95cf539b80f6,1,i
5d05d93a-9e30-441f-baf6-ac929bcf7378,a83d855c-0ce3-4687-b800-9b785b0c7ae4,3,i
d0e62137-7252-4b85-a767-6467617bfd3e,cb2be337-f3d3-4292-86cd-7a69ed88b06d,4,i
c9c9a680-c26c-4ced-9f42-7adb47091eba,ccd957c2-c14a-4388-abbc-65370982032b,6,i
19ae79e6-cff4-4d7b-be70-df70e98d4636,dd8d4a74-f515-46e5-b254-5a5e4916a947,2,i
f3132045-0878-48ec-a40e-fdc9423f619a,8013f206-fccb-43c6-800f-4edb875f0466,5,i
741e91c5-3934-4762-b460-6013d17a2f83,a951a469-bce3-407b-91fa-0e8e2b5ec3c0,2,i
9faa4ae1-0548-4bef-bb59-4fc088553ad3,6a845165-639d-43b0-9f6f-c88253788caf,7,i
e29202cc-e7ed-4913-bc4a-3ff91aa7dff0,1744de19-e751-4d67-bc8f-6d3528379b8a,8,i
58c42c31-d0f8-46c0-8dc3-2daefcc2aa7e,57633058-8776-45d2-a32d-719032714128,3,i
b44200ce-b050-4182-acf0-10690d0a0ce7,0120627c-c012-4d5d-bd0e-179ad04fb3b1,6,i
4161f878-7dd7-43c6-91e1-69e06546c8a4,d302fabd-4f86-4b89-b434-1074dbd4b561,1,i
05756d6e-1e70-492b-997d-259b74755eba,658384db-8c7c-4983-9507-72dd21e0591c,10,i
df9cbaf1-4a3b-4e88-bced-8c64b0c9a20a,9ac3327a-07f7-40e7-b41e-f56c34771de2,9,i
d9e24e40-88d1-4dd1-b17d-521462ece68f,c2c94c72-14e5-4e05-b774-26edd681bc54,4,i
ded447bd-0925-455f-8630-eec3fb817a17,4eddab74-e776-4831-8d4f-da702da60d3f,3,i
f403c994-7392-49e6-9f6c-298b38ca6909,ed55c579-3835-4045-9517-dc03caee8756,10,i
44347d9e-329a-4933-864c-40136afce1f1,39ee8e85-c886-492c-9899-516bec559f60,6,i
bcf3fd5c-7c27-49d3-8dd2-a4a72347c835,378708e3-7534-499a-b795-785bf6c52c76,7,i
db01622f-d760-45f1-8767-d0d6cdbba58f,ddc1add9-030f-4995-9dd7-b7f153169adb,9,i
ebefc9cd-61d4-4b60-8e7f-1d8279b85993,44ed3504-ad13-48e0-b25c-df23c412ce9b,2,i
6245031a-e1d2-43b9-b024-4c43c9e07a6d,976b16c8-5a8c-4dbd-bff9-be8a0c9bcbb2,7,i
5be0dddc-b3da-4c75-968d-a13e60e2d33f,2aa18ca8-0705-4306-89f1-e9c019e59fff,3,i
f16b1ec5-3c0f-4339-b636-bb67cfb94efc,b18c46d3-0fe6-4113-a502-b7de34b3bcdc,6,i
e92a4b77-3951-4085-b311-b4dfa756c65e,40b1db5f-db4b-4fee-b395-f079723d05ca,9,i
8973255b-8960-41c6-b0a2-0ecc073f7237,e6defdf5-d89f-4022-8b84-232728d2ed97,5,i
62d45b87-b906-4f61-8360-1f735a5e4f76,007a328e-d5ec-4b7a-8e89-4ef75ffcded3,5,i
68bb6476-f14a-4992-8b62-95fba9c1a2b0,6d55fb31-6614-41ff-8967-4079ff58ac94,6,i
6a816696-5e05-4a28-8979-35200a2dd0a0,aa669c64-a571-45f2-9c29-94c48eb67fba,8,i
e41dcbfa-4b04-4912-a12b-17f4e28cb6d8,b68e1bb6-7686-4834-8807-3d8f68a36dc1,6,i
24f9772e-a177-4e82-8d80-08b0745dbf1e,a2e737fd-847f-48fd-b24a-400e2c4deed0,2,i
ce8ed31c-5170-487f-9a50-9947b4b02e16,2c8fc2a0-ab90-4d84-8c1f-c5f8d4a39cdd,4,i
002955fc-7c5b-4f67-ae30-d5eb656864ad,8504dd1c-d278-4d80-9e62-0af640cd6ab1,10,i
32fcc66c-cfb0-4b16-b642-6c94f8546a65,45c9980e-e73d-4cc7-9ea9-25424b084c40,7,i
a9247fb2-2647-4ac7-86bf-e79722e7f859,db2e924c-b7fa-4c21-a0cd-41c2ce38e312,9,i
766d71ae-4a56-44be-9dbb-32d3ee813aca,34be44a5-399f-4c6c-bb1f-71614c7afe04,6,i
65409f99-f80e-4aa4-b24f-a5a1ff654b9c,bd776e17-2713-4aac-99e9-a1941beee38b,2,i
cdb4a167-679a-485f-bae7-04da3e226e4f,fd41945c-3a35-4389-ba46-d3217401d779,5,i
33d8fca6-57bb-44a7-93e0-ace2c48a63ac,86e8a4de-9e4d-4687-920e-5486ae2c45d4,7,i
4a6ab439-282b-4fb6-8638-1f3badc55107,00fde87c-4a84-4aab-8778-b299212b381b,10,i
6c079bdf-4182-4f1a-96b8-27edc6b85a93,2543603f-c4d6-4fb6-a353-faadf15a02c9,4,i
ea44962b-6172-4ebc-b00d-b31270e798a9,b04ee668-27e1-4d88-a678-8bdc9a7d3bb1,8,i
d21425b5-6883-48a1-b48d-2851bf496f3c,94356194-4f6e-41fd-8879-3b44eaddc11a,2,i
21919acc-afc7-4248-a43c-9fa2ef3e91fa,95302988-3d20-4a58-b191-a9011b195846,2,i
2b060c04-56da-4e90-b61f-322cc402f889,b650e0cb-0091-4b94-8ec7-ceea739786ab,9,i
136696a0-1b7f-4076-ade6-80af138b2686,3d705bbd-a896-43ac-9b62-e9e8ef178ced,2,i
26d805dc-d24c-460f-923c-95928b58905b,740a49e7-0837-44c8-a916-c44124bddaa2,2,i
f4e23e0f-da25-408d-8a32-cdf8e0fe5baf,a26e74fd-fc94-4a91-b722-bdeef404d02a,4,i
f997994b-d7a3-4326-bcc7-0577ede26e32,5062d3c6-cf37-4418-97d9-c5b388993b21,10,i
05f29953-86a9-4b20-9bed-c1ac8007d087,770d31af-3e9a-44b1-b274-8d7cbeb3cd1a,10,i
d0a1a835-e25c-45c0-84d5-bb0b0d850469,b96d9ce2-9088-4b53-afba-a8c5a4104599,1,i
8840cef3-6f2f-4501-827d-fe4b467f5f39,5034eb4c-128d-4af9-ac1a-655456ac0788,1,i
71cdf99c-6b37-42e4-90d7-cf0634cf2e6a,d026c118-4248-4792-83a9-5635143dc6c9,7,i
7f53d65b-ae6e-48b9-b909-acc4f554cb41,6e534545-efd1-4481-b803-92fe895f58ad,10,i
006daf03-51ba-4013-8898-0322fb5dafb1,d5c966e3-eccb-4bed-bdd3-a89ff644d40c,2,i
2ada0350-5d0a-494b-be9d-609dca1954fa,5a2fb9f6-2744-4716-853c-7be31ed7818e,10,i
ed0a06c9-3c34-43a3-b41b-ed516345d24c,e52e9adf-f984-4570-997b-e6b868aa3220,6,i
7720af46-d5c3-4f93-b4d1-a4455f1f7698,ed7f4f34-c924-4480-845e-6248d2e2eb2b,3,i
c0b996a1-8c46-4aa4-ae8c-df87f7bf4696,fe43679a-41bc-4b6a-9130-eb16cab7d4a4,10,i
2cfef68d-12ee-4da0-a4d1-aa0999a4fc07,3050039b-6b45-42de-bdea-dde285928a6b,7,i
281f639f-bdc2-4d07-8c92-533eda7f0264,64b28b35-a120-46bd-90b7-f80993a013a8,9,i
e017f3b7-388a-49f5-a7f8-e50e27dfdcb0,68e82a18-f655-48d8-8425-4a0976f88780,1,i
3471bf3b-985b-4db1-a382-44c4e5aa1fea,6cf4b9e1-db24-45a6-8a9b-5b534c1d0215,10,i
25ea9975-8d95-4d32-be2f-c7a1f7780c30,432ff31e-d823-4843-ab3b-5145ce69e7a3,3,i
03c65c78-9228-43fa-bf1c-70f36eb88073,9e510d8c-5430-45d4-b7f4-e8eb88a978c2,4,i
495e081a-26ec-4358-a0da-764337829c3e,8d3e7bae-4497-49ea-84e7-f2aa47cb453a,9,i
e2cef647-6c07-4325-b8ca-bdfa9bdd4536,cc64d929-db33-4e40-9ced-633b8b4921bb,5,i
889a5580-fb49-459b-b4a6-4374f39281ac,a61a24a5-eb25-46aa-a66e-aaaa35727295,7,i
dc979992-c40e-4739-8405-e902100322de,9c192fd9-fdfd-40ec-a026-9363f163be94,8,i
2a965f0b-c7b4-40d0-9e06-b4402a32de66,0ff0d0c6-e9ed-496b-9993-662a122cbc16,10,i
174a6afd-e49b-42ea-880c-ab699bfb4767,f9cbe9a9-9463-4a95-840d-7c65389fb941,10,i
ac8d0fdc-9ee4-4d9e-b65a-280174823ffe,cf80feb4-f29a-4273-8f1d-60ec8a8809f4,10,i
bdf94453-d4dd-4434-b47e-6fb277e02c67,efaad2f9-a6a8-4216-803c-aad4f5d428e6,1,i
c722951d-356e-4607-bde2-0699bb0e750a,8985b8f5-63b2-4c1f-8d20-6fd016864369,6,i
846a8d94-39a6-4e70-849f-9efebdfb51c0,c7ec789e-4b2e-4bc7-85e7-4c152bda0333,2,i
dad942e8-55e5-42ad-8382-f5932625d6ac,08767f8d-2bb9-4418-b5ba-b254748fbfe7,3,i
79d9633c-03d2-4896-85ba-d751ba660460,e837f7bf-56a5-4ce5-b541-42bfcdb58d43,5,i
cad614be-d8b1-450a-9b64-ca8694c5d3bb,7f647acb-030d-4f15-837f-061143683d95,10,i
d320e922-2a5e-40b3-a5b7-a19721969f48,0b21ca32-2baf-4059-a770-74d0ce0a2e72,8,i
bc20cc7f-0c77-4bac-afb9-67c4cc9b75fc,aa6acb2f-83af-41a3-a4c7-6b75303cb20a,3,i
5c6e7b25-a7a6-42af-81cf-319a6a71100f,0c5bcef0-015f-4e0b-adaf-0950db4f4fe4,9,i
8e2d292f-7075-4be7-8050-3463cda540b4,36e265f5-cea2-4d00-b303-bdbb2f4af752,2,i
48336b0c-e43b-4690-9117-adb7e964bd8a,0a33db91-125c-480a-a0df-f198c81c57ef,1,i
5a1469d4-dcff-4bba-bc40-fc1e9da5ffb5,b90d1202-ecc6-4d46-a391-5ae3493cbd5e,2,i
20899094-4061-4d66-9670-b97dd09608d4,5b1e06d6-ffd5-4aa5-b57e-93c1005a4336,8,i
e3c6dc2b-f112-47db-914e-e496d0cb7e63,8a1b63b9-f8ad-492d-a2af-878fcbbe2299,3,i
fc92a446-d696-4f12-8e1b-b250ce1f41bc,6d440d34-1d5a-4680-833b-9b30d146df79,3,i
f927ab3d-bfc4-404e-83f4-bc88dab98177,32c0a1a2-ba8b-4bc8-8995-4b5f6bfdea9b,3,i
3d566445-3118-42c2-8f77-83c4f0b4b79e,37d51f31-4c86-437e-85d9-78ceac104a32,8,i
9121833e-7dda-4425-8518-4d8cb0b36e4f,9e498a1c-d810-4d0a-a48c-47255975f384,1,i
bf4b3b6d-7fc0-4682-bbc7-3121872e0e28,81c134fc-5c64-4d01-990c-fc0e6daa7cd6,5,i
58fa7953-8084-4f07-b847-82609ba79337,110f29b4-457e-439d-9367-2141347cad0a,6,i
b763c6bd-8743-4f7d-b790-fd25262c4829,6a38698d-e46a-45cf-a631-648bc6ebf236,5,i
c3ee56d1-0536-422a-acac-4a6641bbce68,283a9bfd-ce65-49a5-9747-93e605b92954,4,i
ca4d2218-f2d0-473c-844b-7b877a7d1cee,d2ff482e-4a56-4c2a-ae67-59f1a00d180c,9,i
6ae4821a-ba17-4cad-afc8-a1f0e9bf5e8b,022868b8-8034-4cfa-a871-d9b4398672be,2,i
0a77dee7-c1f0-44fc-81bd-8bf1a07ab643,8b7aa102-2855-4266-8713-5dfddfd8a0eb,5,i
1681ab64-4ea9-48a3-a556-dd7668895c73,92fb82f3-fa5f-45cf-87e4-91745df35d68,10,i
4ab496d7-e021-4666-987f-3fdd6a932cfa,be54ccc3-035f-4dc9-8981-950781c32b5e,1,i
7898b7ca-95b2-42ea-b20b-c32476c590e9,f8e57624-dd14-433c-890d-28b5fbc456bd,3,i
d2532445-ef0a-49be-b88b-96f74a41d4d3,398b6ed4-0ddc-47a0-827c-d1904fe3f9df,8,i
3479cea2-245c-4a00-8c35-c389d88a68c5,da47d674-1c20-4c80-8271-f0632df2efad,5,i
21388bac-c9c5-4d0b-bafc-ffabf0bfb89a,84ce5ad6-bd22-44ad-9974-daf6d1a9ceaa,8,i
a914f9da-37de-4b52-9100-7a0dee38517f,22a1dc18-75e7-4df5-bbab-a541de4ca490,7,i
af1dc9eb-ccff-4db3-b5cc-7d240bf823bf,2e24ec03-fb90-4160-a828-023d17cc99b0,10,i
598b4ff8-8bff-4a61-891d-a7a273e5eb8a,d35f04c0-2292-457a-938b-7c412e09c789,10,i
a33b0948-1a14-45b6-8203-81a57c890486,eb561048-3206-4efb-b798-a545c6b13d8b,2,i
1a1e1041-4898-4572-b652-21b258d3f254,a96940c3-247a-435e-a814-da6e27e509ff,1,i
42ce4d55-284a-4a13-93e6-2af13b17f30b,ba78f379-bcd7-452f-892c-0686e7fcd64f,2,i
c60883a1-6c42-4825-8638-c4c7589a157a,b5cd644e-3d34-456a-85fc-2169c879531b,6,i
5559f0b8-0c32-47a1-bdeb-d3339232dda7,8f242172-2340-4dda-a1fb-faf590e35b2f,1,i
a5674126-c7fc-43ee-97e5-eba772bcc4bf,64cdc480-f4ac-474f-a05e-7c21aa2a5404,9,i
e69a2832-6637-4e21-9a3b-6d5843693372,ac5e3dff-4efc-4edd-ab68-f5514f884980,2,i
1574b318-a8f8-4bde-b579-282353c3836d,54b7d5e5-d46a-45d4-8ada-a8a650ed4cf6,4,i
1556fd72-f3df-4e53-b1ea-0a48ccfe69f4,f3163bdd-bdc9-44e7-a0f4-80ea472d6204,8,i
6c9425e7-0927-4b87-9ec7-270d54446418,0ad82d77-54d6-4a8e-9a25-bee47bc5ad71,9,i
97d2600d-2d20-492f-99a5-fbada947f54f,3d012d86-653a-4c5e-bd65-dbda9694f27c,8,i
35282cb5-2425-4505-9fff-9198d73518e0,6c56ad63-9b89-4772-ace9-457911a02dc6,5,i
018dd1b5-326b-47f8-b8a0-4eb9eebb1045,3843fd8c-202d-416a-a86c-0efee9c04ff6,1,i
293cccf7-18eb-4fac-bc99-dd99e73c7d75,16b80e73-3d4d-4051-98c6-35ddd76a9415,5,i
1f53cabb-c9e0-4311-bb77-8b2f0ca0402f,20c9e1e3-a412-4f09-a673-adc25c0d42ca,3,i
77896ee7-2035-4e1d-90ea-63cbdc341931,7a76b463-5fd3-4be1-a9cc-f6777c67e749,9,i
e2810062-f294-414f-b031-060c034d389b,b5b3bb91-300a-4326-b760-3bb0f5222321,4,i
ed237332-0b8d-4a76-b7ea-dbaf3e40d4c1,48d73d8f-5336-40a9-9925-23dc3d1209ac,5,i
cf749e54-5db4-4893-b7e3-2e5b9d4980a2,c031ac1d-5444-4edf-987e-53c4aa6bdd66,6,i
5150b8ab-0a8a-4507-8cd3-942fe0c91d45,59ff708e-c3e4-4b25-b78a-288cbe7230cb,2,i
72a5e92e-2029-47ad-b2c4-c40b499e54f2,71b0c454-6d26-4ef6-b29b-1e147e66cd2f,6,i
0229d27b-013e-4f73-a071-5c8e025ad45b,77b6b96c-4af9-4a64-9791-b1aa5b6a6c06,9,i
bb7e9f9d-1ab4-4795-a297-1c5cce9588e8,47ef2944-1978-4d8c-8ce5-7a239e06dc00,4,i
6769ced2-2793-445c-8d49-e17d8391b210,4a9c54e2-f833-45d2-b173-ee755fcf821c,4,i
ac837ca0-c5cd-485f-a4c5-4c1fe3598a9f,5c35a781-62ab-4d0f-9fe0-f2ec16f66164,4,i
3fb1ba38-236f-4e0f-b68d-8cc4ae70ff9b,e675437a-1ae7-4e57-82d9-f0da2b5a747c,5,i
083a89b0-12b7-4be9-aca7-ce8c49beb2c5,d8d232c7-d7ae-4afb-bb0b-3d4cc45d7162,7,i
6c83828d-5305-4ace-ba18-c4dfbdc42c8f,51932012-8567-4958-8dea-adddca947747,3,i
034cc8a3-f2d3-4cb5-a279-294e5ef45dac,0d9a9c3b-3597-499d-aff8-b26855924c98,1,i
63c36087-9d27-43ea-b9cf-f29249e8fd57,24fdfad8-d816-43ab-b8e0-947c62005d5f,7,i
4f24a8f4-5bb6-4fd5-91a4-dbb621160051,cd392eae-e1ee-45bf-b3fb-5e790b9cbb8f,10,i
754ed5c4-1d47-4ce5-962c-27d6f2db0a1c,584df309-a1fc-425d-a124-cefae6571e8b,8,i
f1bc4bc5-ead2-4a6b-a3b9-cb8d571ce7e6,5ede6d64-21ea-4c55-9ccd-d7f1973e2101,4,i
cff98c3f-3b07-4795-aca7-8474a7a0916b,03d958cf-d47c-4b06-8ea3-59200cf765e6,5,i
480bc27c-e2fb-4646-bad0-834d73cb74ac,75a79d39-dd21-46c6-8341-ab2405f09012,9,i
f7bceae6-d13d-40ed-87f4-709680d7d59e,5ad698ab-1f62-4dcd-bc1d-83eaabc7f7d1,5,i
65d0b6a7-fad8-4716-a888-2b4e21bbce7f,8bf1bab2-7fdd-4f8d-b833-f5ccdfdfa1b1,6,i
5e9621ed-cd0f-422d-a23f-ae0e72ea985e,08c7aa9c-4808-4f44-b36a-0f2b9661b5c9,10,i
b61df6c7-802b-43e1-affa-eeb17d188083,8f520896-53cc-4912-8c81-097a164c10bd,7,i
11eceb4a-6b0b-4753-b618-7b3919e64b75,4b7d88b8-df1c-45df-871a-c1efe6ea3b4b,3,i
c215808e-3f75-42f2-9a04-42c0d262d29e,c9f217c3-68ec-4c21-91bb-5e93d60a75ec,5,i
6eadaf67-0a79-4f38-912b-c3595253006e,ad97e655-b0b8-4e99-ab62-1ea267a24a39,8,i
4ffe8cda-bb65-4df9-81f1-9dcc800d1f17,080e5f9e-c92e-4577-b1cd-5263f93cd4fb,4,i
14ff02a2-740f-4a5a-b02b-4605053981b6,a425cd77-8585-4fff-abbd-54594e3fb324,10,i
8c432f3d-a8fd-4500-ba7b-f544519ea8b5,ed523139-e641-4773-a001-77e1ba6b2f95,10,i
a680b744-4f0d-46a2-a474-9402e105e494,cb7d24d4-a0c6-4221-82f1-efe0e7fed87d,3,i
159f87dc-f4b3-4b9d-bd6b-28f7151d9e11,67c1d704-f120-453f-b3a5-0388b520c541,2,i
9f37d8d8-469c-4ad1-b252-3ae3008e7205,2f1fcd6f-64ca-4de2-8ceb-f5f5521a5889,2,i
e112abea-3a37-450b-b97d-0fdfa3008080,ddc2f464-a285-4e2e-948c-81aa3f813950,6,i
466ff5a6-5f82-4d93-b5ec-a3254372c396,a1c30aa4-66c2-4d14-9c97-81e11275b1ae,5,i
1350c88d-d70d-4d04-baf8-4e614b2d7aec,84f21c69-c143-474e-8c7f-d92400f7e0b9,4,i
c6f6fddf-2cea-4cf7-9a1e-4f4bc9b5322a,6cd444dd-cb4c-41db-9d01-493d90a4fdad,2,i
a0654e93-c9bf-4e1b-8a7d-89aa65519007,42231ce7-2378-4322-9da3-73eda93a25ba,3,i
0bcbda3d-7fed-43df-ac1d-3f58c26fc65a,17e91aae-6036-4577-b30c-e5c35c63a3d8,1,i
216d7a01-cb7f-4068-9517-e7c37458910a,7dec1015-3747-48de-a835-90d99d99d527,6,i
505fe636-1925-4e70-927f-f833ac46a230,7a7d6452-3eaf-47a3-adf8-395aef99e6eb,3,i
88d00b61-a244-4545-bea7-8907d0d60499,4765c0a8-eba8-4dfc-91eb-34541d72c0a7,6,i
bb33e464-6c81-40c9-a8b0-68003005b6b9,4aabf9c7-84bd-4bd5-8076-e5e0cab2d242,3,i
e8e52334-34bc-442f-91f6-af3932b541b0,099a1772-3854-46c9-b813-d24f9be82ebc,3,i
77f92692-3539-4bc9-986d-104cd30573ce,2d712402-2f8b-4ce9-afcf-404cb1447b7f,3,i
fafcf845-c8ce-487c-85cb-413da44d72bf,33f5c3cc-af08-4f85-8d95-63067ca6963a,10,i
74b0d4ec-9363-4be2-b8b7-0df78fa48d7d,f25393b6-28d5-44ae-9ab2-3c4c6fb3b2fd,4,i
7c0b89eb-d687-43cd-931a-0e11da7c4947,22650d3d-bcf2-43d9-9767-e397ea28d43d,5,i
8e14f71e-147c-47e9-92d1-8dff42ae1aed,491d2adf-b9e9-4622-8145-322e70d3d358,7,i
c5df4dbd-7dab-4a6a-8077-6756c8e4439c,2168ecb8-df8b-4eab-ad9b-cdc48a059963,6,i
3beae415-c136-40e4-9c6b-b7f6291495ad,7fd14fd5-cb4d-4eed-806c-155f3dada89f,10,i
9682b689-5fc0-4ff6-8275-5d04440b3ad1,fb1dc6c4-5d61-4335-a273-9ad1288cb142,5,i
15a80faa-16c6-4304-bbfc-33900f30794f,1439a246-3c47-4374-8746-85ead6da6d5c,9,i
c0330d53-0bf3-41da-896d-9b955106533b,4c9d6517-9141-4b33-86eb-4db90f50027a,4,i
e23e661d-4b35-4105-8f7b-c54a16ab7319,ebe7e5aa-18c0-433e-857b-3d2c760c3631,9,i
3a7f1c38-6111-43b0-9851-d600f0c3923f,fb3ab0e2-43af-497c-879a-ee76b467a717,2,i
31b4a2e6-7b79-4014-b220-294d1f978e4a,34e7633c-a078-4251-84bb-274358f5e70f,8,i
5570ae6b-95fc-4fef-b12b-525d36285cd7,185eb41d-0f21-4664-9797-b28ec0adf9c4,4,i
a67b9f37-36f6-49ae-a2d1-cb915da0beac,1c4750e5-552b-4ef2-90b7-f9fb7ed2b3e5,8,i
821f3b64-5e39-41fe-9279-43075d87b4c1,423fdb25-7efd-4948-8a35-ac570a20fdfb,6,i
7f4831e4-70d6-4580-9d6b-3014247ee138,d9797c73-cf92-416a-83b0-4b8877c34193,6,i
a267a8a9-31e8-4b2a-937f-5d65c6e19129,724d94b9-9aeb-4aee-98ef-676d13a51a92,1,i
3b16cb86-c863-4dcb-9669-9576a29a3d65,b3c08405-326c-4d7a-9590-b46c534af692,10,i
8793262c-7c31-4f14-bded-58fe612a4246,9732dd06-6ca6-40cc-867f-bbbd40ca2758,6,i
46932b33-965d-4bf0-a84f-2d37e1a21fda,5d18ff97-d4ec-4dd9-a27c-e33a01e10553,3,i
86a3fd49-db36-4260-936c-764f024f00d4,d0c1167c-be4f-4ad8-8862-ab7d3b503c9b,9,i
656a99a9-b1a7-4a8d-bbd3-6e571320a539,b26c1897-2889-4d38-99ba-cb91ef041a5e,8,i
f92bab34-bf26-44df-add4-1d2ae76ecc83,0b4ad785-5264-4019-87e9-9842b59b69ae,10,i
24098e91-4ff0-4273-867e-e319414a1cf2,227f742c-540f-4c3e-9127-954d3f472fea,10,i
fbb784c1-acd9-4b64-8135-55841de5afbb,1a417170-12f0-4a07-a432-45e342a8fa20,6,i
ff440988-e1a1-47a3-a4a4-0dfb21288933,91072b53-d62c-4a82-a71a-25f91ce8244e,5,i
d2a7f0ab-8eeb-4ef5-9079-907b4a2a8cd3,ee43fe15-8e40-4d8a-b6f1-4acf5e8293da,1,i
84d3c1c5-ec52-403c-87f0-ebc5e7cf288a,ade5e402-0167-4298-8de3-26c108bbeb39,7,i
95761ec3-1242-4437-a70f-3a4ce6a2d1b7,4bcabc13-4f7a-4780-a854-3c7f0b0f4910,2,i
4aef3f65-f2d7-411e-9b75-87dd75845b78,78a5d848-905e-4190-b5dd-409ca33739c2,6,i
d004abde-ce38-4615-9308-afa41c175aaa,63a278a6-9cd9-4c40-8543-5edc02eff052,7,i
87d5559c-3d69-4aa8-9c63-8a7156f77018,5d466e9e-e469-4662-ab78-2c4ddf1ce6cc,7,i
3d6c6c72-94d3-48ff-96c6-0363f5b2d8cb,6c6f14b2-6acf-4b2f-88c1-0002632ef0a8,9,i
2ff791f0-5504-4dc8-b260-e546e57875ae,5fd41dc8-79a2-4033-ad2c-9f4c66aebcf4,5,i
4ffd5b78-68c0-49e4-98c7-8a6011a72ae8,d50b24b9-e5c7-4c18-8e00-6574f5d03a08,1,i
fa5a2313-b363-4034-a311-c0add36df109,e057bb23-d764-4d43-a231-01aa513ae42c,6,i
007ccc50-cc50-42a4-9e95-3721e05e1668,9cb4e492-d172-4a96-b071-dcc0a5baadce,10,i
b190face-600e-4b1d-b991-bb1ad5adfaaa,0b75466f-6d3f-4246-a29b-0b3a3995e76e,3,i
15b91000-7489-407d-97c9-37e6be36969b,ef5ae656-72e1-418a-869c-a3f93cc19bfb,8,i
c96ec0c3-cae8-4475-a78b-787e89c9ea0c,5be4de49-321f-482e-95ff-71bdcb365777,9,i
e366e4a3-ab01-452a-a3c8-4134f641ba6d,999a6b34-0489-44dc-8599-a55dfe198b8f,6,i
83cdbb12-5fbc-4044-bcb1-d8aaa352f0cb,95274547-75ee-475a-ad00-b1e5064c429d,7,i
327402d1-ac6c-4958-b5ef-dea4e3b8d437,61d68866-f059-4e6c-ba83-807a6876ff10,2,i
8253e0e0-5ffc-49df-a7d9-3f91ed28312c,8f367549-b3ab-4cf7-aba1-76256368fd6b,5,i
ce1dcc68-aa01-4a80-93f1-b0a58b8a3b9b,3a64be97-dafc-46e1-a07d-26c30858ee32,1,i
f7f24852-f3df-44be-8b4c-e443694940f1,2a26d18d-1a24-4d95-8430-2938b696ef59,10,i
3743ca5d-7792-47e3-a72b-487a4064ca6c,c9e5f7e8-2c7b-4f76-8020-4149b44180b8,8,i
2d42c48a-7183-44c2-a560-83a41455dc2b,0dbedae2-a02d-49dc-ad2d-46ffc9ef6523,7,i
4e212223-1b63-476f-8da1-2d0acf1101b7,d0fdd419-4389-4844-9692-65baefb91d26,3,i
5b61769e-2a33-4365-a6da-f43b72e4e8a2,6e9222cd-0d04-418a-a98c-f4f46bed4518,8,i
3dc9e2da-a944-43f2-bc51-89e5aa5c14b9,043fbf06-ec42-4691-b42d-64bf6751c7fc,2,i
7d3622c2-eb5d-4f69-83b1-1ee1476c10fb,f14fe666-a327-482f-8703-bfb722b88b9e,8,i
05758317-0452-4612-b989-6ad4ad4a5ba5,7bfbc771-150b-4a89-ab81-29065a7decda,9,i
cf2c698d-fb63-415b-8f4d-69fdd973d967,8c531232-991c-4560-8f3a-0441accca341,6,i
33006333-ecad-4609-b14d-38819280561f,96921ed0-fd1b-49f4-bd36-471c583903cf,8,i
2df01d83-f6d2-4b1d-8a5e-343b4d9db4cf,de0bb26a-4b6a-413a-8a2e-73922281ea42,7,i
55391148-33a8-4994-b521-704413c3547f,d1800c40-47e2-44fa-85dd-1a25f56c7c28,4,i
c1833b40-e01a-4523-a3c6-f761c3c5a8e0,378aa3ac-daf7-448d-acc0-22de0874a8ee,5,i
6d5fafd2-f067-4451-b1f5-326bbc86299c,61d1bc4b-8d1a-49d9-99b3-ba9fe03fbe7f,3,i
7cbeda61-aef2-4499-a947-aeaf10727f11,3201d000-56e1-428b-a475-9bdf41affa03,9,i
75c3ecd2-7431-4a7a-b200-adafbd5842a1,4ba91869-bb50-42c1-b3ff-7a2af7b8ef6c,1,i
34a7fff8-f883-45ee-8274-ded95e26246d,523e01ae-6613-4c52-b63c-0d118eafe9c8,5,i
ad218b19-4855-4208-be04-ca8fa3521dfd,b8bc6934-dbed-417f-9b2e-c1ab961b7666,1,i
dcbaecc6-2e2a-4944-a77b-258a8f0e0476,da47ea82-5a0b-4ebe-b95a-ea613f728da9,10,i
75ec39b5-503c-4e9b-8226-2d3c5a47e72f,a87e1386-187f-47a9-a65a-30379ebd1b5c,8,i
ddfc7981-c994-41b8-b372-e3a1c8d8aeec,c089cce6-7641-411d-b712-07eb107b0965,3,i
416c6678-8934-4a5b-9b54-2ee467ea2e16,04ec0ea0-150d-412d-b7ec-50058f19957a,6,i
7a32cc0d-fa6c-4a2c-ab85-4c6437b75ea6,87b5ec82-90e7-4e93-a7c9-bd1b93cc3a8e,9,i
3d57e811-cdd7-42dd-851b-5b19e63f380f,cd0ff01f-f754-48e7-a800-67075fff2de6,5,i
4ad81e85-d664-49dd-b143-7144254fc5fc,ac8b987c-fb8d-4af7-baea-f10c72837ab1,7,i
d618aac9-ee91-41bf-ba40-e4d8ab5d8e94,d93d4cce-cac7-4dbd-aa76-43bd70a25258,5,i
7c9c853a-43d4-4b70-bc69-1ebe0e9bfb8c,40337ade-d160-4b81-a0b2-949c315650f4,10,i
b900f8b3-2f0a-4805-bb59-2e1f2abe11c9,5527f103-f8d1-47d3-87fa-862e3bda58ef,9,i
6651c5c0-abe0-4211-a169-1bd45b7e2dc2,10454cdb-e488-4ee1-90cb-90f2336fa984,5,i
bc0109b9-5b32-4136-a859-04444a67c924,9c5dd424-a7fd-497e-bb9e-927275011919,2,i
f7583b65-3459-49cf-b829-233237c0fda6,44acaa51-7e18-4f1d-99c7-6e6f03d610dd,9,i
600928e6-bb15-494d-b32b-57296be80e3a,f1b934c9-929e-4334-b331-24496d83eff6,6,i
7042f429-9db2-42cc-8161-6b5fb3559194,ec36d0b9-3749-4aa6-9c21-2e799ce857c9,7,i
3e0ffe26-fe0a-4bc8-a5bd-0ff09ab2725e,5481b413-f863-461f-9964-a92a3d81aa3c,8,i
b658e450-1230-4641-930d-360d2f969d59,a74433b6-0612-4ab0-af17-b160a28f0aad,6,i
294f3552-99cb-4881-8b8d-bde9934abf6e,006b180c-b0b6-42cc-a02d-1ae90edbd932,5,i
832087bd-09ed-4b7a-9f67-de88239bcb61,af0ab50e-0375-433b-a59e-7ef2d7de0b08,2,i
2d9b21b6-30a1-4bc3-9d54-2e0dada357b4,50eceb55-fa4a-434b-98d6-63264c4b99a1,6,i
68f7d503-691c-4d3c-9e42-5fc9762665b5,e97f7f10-29ca-407f-8da6-a1736ac40198,10,i
28b645b2-50a8-48da-93f0-0ac47340ea8d,d48b74fa-c284-4bb4-ae36-8d68a690d8eb,9,i
43b4d67b-3fa2-4631-8c8f-63667b31cd46,eb0c37da-60af-4f6a-b2ac-12f689bee5fc,5,i
f3e9b9f1-6c1a-4a61-8c8a-dfc39aafb43a,b8879a3c-8775-497c-8082-5110028f8485,8,i
5344caa6-d16d-4d9f-8234-af401e2bfdfc,52fed5d9-fced-4180-8245-e73080d9860f,1,i
20ce788c-913f-4b57-b225-5511054d317f,afe36536-c573-4ea1-92a7-b79e5089c32a,1,i
e6c37af3-866f-462d-9b52-a761c478f2ae,f727ae0e-4116-4b70-858a-a2566840f33f,7,i
787ac497-150e-411e-a868-6f88eea0b6b3,fdd85e4f-1a2f-4339-af22-ca1bc8d06aba,4,i
4d12f3a6-3ff2-4db9-9db5-65e43d05db2f,2af90173-7dbc-4940-8727-1be73e47646a,10,i
ffdd9eb8-65c8-4bda-b31b-f9b62593fa90,a1799799-18e4-4bfc-9ad2-afdd33e1d0e9,1,i
c2f8b3a8-dc6e-4a79-afe1-6aec8417ba0e,ca8319b8-e783-4516-aed6-fab243c20ad6,9,i
587ff395-77c0-4f13-8811-f1e865b75666,48664049-ff3f-44d8-beaa-1fe88449981a,5,i
c9523e15-d2ba-43cd-8f4e-cdce5834a708,bd4e1d79-3bed-43c3-917d-804390f5540d,8,i
fdca8385-d14d-4180-9528-3416a4b69430,16cac047-d60b-4bb2-88d5-7de79a8926ed,5,i
73cf3d07-014f-46be-8d91-2af6ecf1a35c,484638ab-8e55-471a-8974-a8b58383dbee,9,i
a59186c0-bdb9-48f2-9cd7-76455553edfa,2fb02af9-8f3f-4dbb-b07a-47731caf8fc5,6,i
1ce4c928-c019-4a57-9115-1ab4fea3ae1c,76926fb1-d949-4858-9671-702de61e91fb,4,i
e9db5b8f-a2fa-4e34-84ad-b7d8d7a4b9a4,2ef5f980-46ac-4ec8-9f42-bbe7c18a7095,1,i
4744ea51-53f5-4d77-ab7c-f70c983957bc,a8dd76f8-117b-4003-ba6a-0d1e820f6d1a,8,i
98f13faa-3419-442b-9ce3-7fe371841ee6,a7505154-5365-419b-9998-1abd509cd5af,4,i
aa5f2cc1-106d-4ccd-9c45-c910fd2de4a2,447a9f92-8b1b-4c0c-a308-135dccbf01bd,5,i
b9bad496-3dc0-40c4-81fe-2223a2436b7b,26f2eb27-16a4-4a65-a98d-025e70f6cf06,7,i
de315f26-1bb6-4f1e-85b9-94bdba14feb1,605d80b0-3f69-4665-9809-9cfd009dce88,2,i
6dd4e6e8-58a4-4390-9fef-e7e1eeca08b5,79ee27d7-700e-4aeb-926b-e8b60ffd22c9,1,i
362b0060-251e-4053-bcc2-69112acdc20e,a59a49ac-1c57-4003-9410-5676caa55a00,9,i
0cff7179-47bb-4d5d-8a8c-258fa606b977,f693fd3b-3697-4ae2-baa8-f2e0530f021c,9,i
58c8a4ec-b11f-47b8-8850-61fb359af39c,7dfd6985-7259-433d-8a84-3a742e48650f,2,i
273c8c7d-432f-4386-a557-db22243c4cd9,5364ca47-ae3b-4401-b544-a4d23b701ce4,3,i
7a8bf245-22ec-4b3c-bf08-25a724bf036f,4840a978-43e1-4640-9f91-ec052a286ba7,3,i
0ce5a60b-40a8-4d57-b6b0-6f224e30e094,59ee2462-6131-4ae6-aec5-42fe3d7586ca,4,i
23c1a858-5530-4485-a4c1-5227b6519e45,2c4f3409-6888-40af-b35f-cfa2e02dc9ab,5,i
f133304c-80e0-4c98-b984-a874ec8b4931,9575445f-ae6a-4f57-af3a-03f13263c9b3,2,i
cb1fb850-3512-46b0-a98d-626597837ff7,12015ee4-a516-448c-b353-1581c02245ce,3,i
2c71bdb6-5c26-4c57-848b-db43767846eb,6e4feca4-5634-4e8b-99b8-697cc5827776,8,i
7b017abd-8ecc-435d-a47a-ee71b60dce35,4a6547bd-9927-443b-b494-2dd9f4b19ee8,9,i
c130060a-a24e-45cd-8dac-7575c849ca40,27a5b546-dca4-49a6-aebf-ab0697d682b8,8,i
ca08a421-1424-47d6-b443-b743da03f624,450043aa-90a8-4363-a96d-4070b359559e,8,i
c19c05da-542c-4ebb-80d9-4bb3f6c55f6e,a14d85a8-664d-49c7-85e2-b33b0ef725a2,7,i
befac766-b44b-4855-8ff7-562a866570d6,cd7c5136-b291-46a0-9142-8818ffbb02a8,9,i
8da5b666-7375-4e47-b413-c3c28bcdafce,96731506-e358-465b-9902-056d1d18c083,5,i
f6a12d58-6e4a-4402-89e8-617818112cfa,2b1cd017-33fc-41c3-ace5-83bd17dca6bc,4,i
6e1fd97b-aba1-41f8-95fa-de27d01d3b01,f9700ca9-eac1-4a15-bfe6-8af33525bae8,4,i
c7817b9d-4e40-404f-a5ce-4305ff32760c,05ae3639-9a89-4b0d-ae93-b9d17ad1aee8,7,i
1c19e5b9-3c01-4592-85eb-09e2d0c0b23b,c2767877-0df4-4cdd-a292-276a8b042947,10,i
e91bf83b-b963-49c2-bf0d-1fe31dc91898,000912bf-c12c-41bd-93dc-17255aacf036,10,i
205cd106-b7d7-4c4c-958c-324b2c812458,6578bbe6-015b-4e3c-9cb9-f27639791100,4,i
34b91ec5-74ce-475a-a07c-6f68a8acfe53,c8cfaaf2-06e3-4c9c-b936-29050064f6e2,6,i
e93918ae-a1d2-4bec-b882-aaf61fba9b8c,6230e89b-c456-4f48-8db9-4c05b1f8f82b,6,i
b963a8ec-3bd3-4b67-9014-52d8ad7c3adf,f1416bc7-ba16-4f31-908e-d6f1d51ff3fa,8,i
040d8c4d-d0db-4dac-b229-322eeed58c32,a7a0cd9c-8403-4624-baee-912a0799311d,3,i
5848d076-393a-4c01-b619-26eacff161c4,3431615a-9b0a-4131-984d-c54b73cbfc3a,5,i
78fffe69-0933-4d87-bb70-574a5c5bdfc3,4a49128b-8fea-444d-a367-4682b6d87617,1,i
a45eb323-aca0-41f4-b395-0c49360e1008,a4a915d7-3247-4969-b5fc-24e752bce4cd,4,i
0fbf78bb-d589-4b7a-92f5-9d427f16d4d2,65a68f21-4b14-4c9b-8b61-6e9e249c4e2b,7,i
fba71117-0210-4341-a96a-7d79e4c6a8d3,3192a872-ae6d-4e6d-af1e-e748268cb000,2,i
44019cd5-7e72-49ff-b37e-aa3c3d1f3819,f27f7648-ff45-4d08-8ef6-a0fc2331a3f2,2,i
6ddf9a1c-6cfe-4f12-8355-8db795e186f8,8102a304-0cb5-45b7-a889-7b36f824dc72,7,i
248f8c58-3fec-4b6f-ab1a-7294dc98f3cd,8d638457-02c1-4494-8b05-2274011eae12,2,i
2485398f-95ef-497a-8a1d-ae16f4e4515a,77c7bb58-b31a-4753-ac09-1aadd56b4d60,1,i
d9fa0a2c-97ee-424b-acb9-c7db31900848,5bef5516-a2ce-4a9e-b0c6-d3530f447d51,1,i
b3e94e23-73b2-44a2-8bec-f09c9135491c,c3404758-e3c6-475e-a7ec-98254cba82ff,9,i
fe1472df-50bf-417b-a65e-5e8ca45f94b9,0dfec7fb-e61a-4390-98e6-8e5dcb39b517,10,i
b77b280c-1f28-47df-b823-d4aa0167f2c3,ab871045-038b-4dd7-9558-f82d9229724d,3,i
8b534528-ec42-4595-a920-a58654dd1024,a9fcdfe4-b5f8-4add-a122-089fb795f1bd,2,i
03816483-8467-4d66-81e2-e6ed3f34b7fd,d2858fc4-84cf-4c24-befd-7e6e145b02b1,7,i
7fb286d3-bb7c-4636-b8ee-848199a1de45,03048b8d-4c5a-4381-b40f-f9c03091b87c,4,i
d275e4d2-ab50-4af5-8a58-0da0f2757be3,73235503-42a9-435a-91b7-b86ab4cee71e,2,i
6597af4b-44f0-4495-926a-0babbb590714,e5bb7982-b5f9-4026-aabb-c312085d1806,10,i
a59d675e-c87b-4f52-88ea-3a74ddb71ae1,60f1e09d-b8bd-4a6b-96db-0301b5b605bf,2,i
136a3c0d-1f33-438b-9338-5d36761a811b,165ea569-b8a4-4bf4-b855-27837609be41,8,i
a9a10686-450e-4969-bcfb-8fec8d49d9ca,9239d8bd-3480-43f5-b6c6-11e0bc62460b,2,i
f4c47b06-3885-4230-9039-f3f5545a38b5,7959fabb-af69-44b0-bd45-83b0fe4bd657,5,i
b4abee75-9516-403d-ad16-8ac1861168cd,55eb2317-c200-4e94-b5cd-fb6e49c58f06,3,i
91470b1e-17e9-4a81-b811-a02845b3f1f7,15104b6d-e8df-426a-a144-c4cbf2191d3a,2,i
019675ed-613a-4eff-ab60-cc2ecbcff49c,ec5ba7f5-8085-4db4-9ff4-23ce63f2e7dd,7,i
c729d0f7-34c0-46c2-bf97-dafcf8b8fc1d,1fd21cdd-1bea-4359-90c6-6236df2b46ac,8,i
937868eb-116b-495d-8efe-843ee85736fe,e83ba1d6-c32b-4078-8923-2d35daeb3104,7,i
8467f8f3-68af-47af-a7bd-b906ccaa92e3,6b5b9674-d709-4979-aceb-77c295899fce,3,i
550f8447-f489-4285-8c86-0e2679605ee5,8aa01c6c-f5b0-4732-a38d-ad16c889600e,6,i
1543f355-7665-4576-8571-d2d519d9b6c7,e9b1fa71-7461-4601-9a22-b6fca159edd9,2,i
476e8531-a0ad-4507-8aa1-e5530fb8cb2e,832a8342-7b49-42da-81e6-048557d32e03,2,i
8aa384d3-995c-475c-89c6-52ab8d5a922a,74624da2-4a65-47aa-9257-abe9ecb0f356,4,i
5907c93a-f808-4987-8550-1c04dccd9d2c,e3316bb6-7e0e-4c05-865e-e8d952b7884c,3,i
2bf6eebb-fbf0-40b9-9efd-bfdd63977739,3e2a4139-6a93-4a0d-94d3-585458ad3176,6,i
481dd3b6-6024-496f-bad6-9ac452209642,2030f19a-d4aa-404a-b0e5-1eee97b1d712,8,i
46dc0386-cedd-4ca5-b0a5-f5094c5000c9,453fdcb4-90ba-4b33-ad1f-4cc44fe03e3b,1,i
105939cb-258b-49e3-8bfd-0edb38eae772,442394e7-40ff-4bc8-a263-fd2afd53c6d4,5,i
9609e93a-2dfd-4023-ab44-2039076fd1a3,914f1b06-3718-444f-9546-ccb36ccf0aca,10,i
e7db6b03-76cf-4cdc-bb02-e4b4105d5a6a,05bea69a-f71b-4e1d-a7bd-944d93637f97,9,i
b7b123af-eafb-4623-91ac-3cd3440959cb,e51a3948-2e88-4485-a877-e56cf75b8b42,3,i
0fb2309a-fc84-41b8-a479-d92b560197f9,cace2105-567f-4153-ab6f-f58a81f3d818,4,i
1d634ef8-0548-4f9d-b40c-81b6d3320cad,940211cc-8463-4f63-8293-b56be2adc4a6,8,i
40164162-1592-4ffe-9ea7-fee662eac1b8,de14efd7-02ac-4eb0-acc5-2da5ef7a497a,9,i
a4768296-043a-436f-a221-36eb1f19588e,448ad004-1785-4007-8f0b-1d3215211057,10,i
fe9f1bd2-2178-4ebb-9823-a4010bec1893,960e108b-09e8-4f73-9603-f9b887f815a9,4,i
d0347be5-a6eb-4613-9cd4-9b7a6fd0f054,7cb93e67-92cb-4983-b74e-16767957f28c,7,i
56da2509-8706-4a6d-9e31-4e6148cd6997,7192cf1d-eb44-4220-84a4-b07800423f62,2,i
4d134f15-0e61-4ce6-b187-9bb3ad02a56b,92065650-a41a-442f-a4f2-a3a0ec21b3c5,10,i
61da8431-1493-4a6d-9dca-aa97acf38a72,8c24d07d-c0b3-4fc9-b2dc-37ab0e90fc7b,7,i
2b0383ad-ba4f-4df2-8ca3-35d8d3d6c2a1,08c2038b-e46e-4fcd-9dc4-b86387399fd0,5,i
dca49278-df04-44eb-8e5f-6da48bbfb5c1,54282154-7790-45e9-b350-259179f99238,3,i
94d2ec57-8f40-44a7-97df-c5cf982a3d32,a1a813de-2a16-4eeb-8f8f-540648b89ed2,4,i
909d75ae-25f9-4149-aee6-b39d08e52c0d,e0602892-df06-4e9b-a0c6-72cfa85c5fa2,5,i
c3bb2d10-f6e4-49ad-8bed-1351929e6378,3532c45e-db94-49af-b935-eafb0bae6687,1,i
8c0130e7-a347-41d2-a3b2-383fc15d95dc,f0c88469-a6f2-4476-aad2-67daaf5cc71d,10,i
a900f6f6-cc12-4bce-8077-e11a657b6f00,6397d5b1-8628-4b48-8a30-36d6241eb736,9,i
3c905b24-9099-4603-b1ab-52c18a15f67b,783ba777-fff3-4a70-af63-e38434731564,10,i
8d8729be-be40-47cb-bad8-2b90b15b5f10,e4458bd3-8e49-49a6-aed7-2278c4fe2c03,8,i
c8b0dbc4-064a-4f1e-9b73-1163031404e3,6e4dbe2e-0db1-4b25-8210-37ab7a50cc27,3,i
f0642bb4-035f-4344-b2c3-deb1850c75fe,50b41c6f-9aa4-49f8-9be8-bd0385e15002,3,i
4d287504-da39-4ad1-87f6-982102df9f1a,8980452f-29f8-447a-b12c-887c3d534f5f,4,i
38de8db7-c26e-40f1-b494-2efb5e8b2ef1,64557050-57c2-429b-bb18-97816d3de0ce,9,i
efd1655e-7c65-4def-9765-bb0d8f81270c,93ded4ce-b151-42fd-9809-3b10d31e2de1,6,i
e9e722d9-4207-4689-9842-e97dc88562ee,af599bed-d438-48ab-a7a7-95b1f6c1eb98,5,i
716fec91-e2c0-4010-a072-ee8e12eef2c0,484c0d20-ea1d-4d81-9034-fae49f8c3118,6,i
931a73b3-5ae6-4d09-94ba-dfd7c7203ba6,e91c3879-1eb8-4759-a386-22263d3b8552,8,i
84514931-238a-4abb-90a8-c85e91cbb917,6d74b695-a4e6-47ac-b8c9-a803536337a9,10,i
5ca1a338-065a-4bc2-b21c-8f9573e2a8c7,2553b14f-53fa-47c5-8d31-0c4ccd489745,5,i
abee8046-38e1-4181-9625-25a0548f719b,2fb96662-f4b8-4822-993f-fc390ae532c9,10,i
5320ce39-b8de-40ed-a8cb-9e2e384a3d4b,c9d6f475-e957-4e8a-8343-834ac47330a5,6,i
a98efb52-4692-4c61-b634-2ccaf8b9c274,4d46a5c3-2ee2-4b82-96a7-62fa0df76731,3,i
6fe2cb3b-36d6-4bab-a423-935dfc77485f,ea6c926a-3acc-4754-9604-3c4f5de56f76,9,i
56d6bafd-5a59-40e6-ac0d-839acbf13a12,21d2f99a-aa4d-4c3a-97dd-fbfbf3d410ae,5,i
c8bcfb88-3cf9-4c82-bd33-cf455c96cbf7,c5b7001c-46d0-4b7e-92e0-136bc2e52d95,4,i
5afcfbb3-1b3b-4e3e-a2ca-cb00b38a00ed,649bdf6a-6198-41cf-9346-6b12e63f564c,5,i
1e773fcc-14c3-41eb-ad36-e3b7413dbd42,53619321-338e-4aca-bb98-5325fff1d5f9,10,i
763899c7-4613-46cf-a2b5-3af351287fe9,2d2d958a-a07b-4892-908a-aed3282a2080,2,i
a9f769a6-61ed-45cb-8e29-50160a3942b5,08fabc7e-c08a-4f9b-a9bc-b3b596ebf0c0,8,i
7663d55a-d68e-430a-abdf-e657fd3b0357,b5834915-d0ea-4e6c-b63e-f436f0dd6cd9,1,i
1a9db7ae-c2af-4312-a26d-103262db8091,b22b34dc-fa1c-4365-bfdd-155ad1069238,5,i
08638a2b-90a3-4338-a5b0-be74938a20c7,a6a23224-596e-43be-8000-01b8f27ef73d,5,i
81a85197-2ba9-41f9-90ed-d2a648c052a4,e7c741a3-aa30-43f6-a31e-53b13c6e6088,2,i
51defdb7-0fd3-4364-8718-1b35147f9c46,9bb78323-dd00-417c-8ca8-190991707db7,5,i
bc6bcf8c-964d-4e62-8ac8-98541a852a73,a767f8a4-79b6-47ed-8487-556fe6519227,1,i
84193de3-3b0f-43ee-8189-582149c297ac,2ac5107a-c806-4436-acc4-097af502871e,4,i
3b7136f6-b3dc-4634-ba8f-c8903163985d,022bcc35-50ca-48c3-8173-adfbd0004fa4,2,i
75443572-eb97-4343-ae14-dad66e40e6a3,4b2eae32-7a88-40fc-816f-0e8ada2401f4,1,i
dad16b31-920b-415a-8e5c-29298faa058c,4675086a-3ae6-4dcb-a390-5080e165c6e1,5,i
a2a3df26-dbd5-4d5d-b779-9d2f2558f661,ba9ef460-ae0a-4cc5-9497-30c97d51c827,6,i
e8b727a2-4572-41bc-8759-9b1bb87a65e1,fa7ffcd6-014b-40d9-8d0c-7b320e58f80a,7,i
f4e78ddc-d5a0-435a-9086-875065111f4e,fac1efa0-0f79-46b6-805c-8abbd4404054,2,i
0221a924-4f03-41ba-9a4e-675727b06108,568e9477-d409-4b6e-a298-f53f4d6f3b1d,7,i
7531a133-97d5-48da-9979-c892ec1fcf4a,c846371b-e656-4018-a0bb-662890c9b597,7,i
dcd0a94f-b959-4604-8d93-45fd80814b59,ce0c7df8-7b86-40da-961e-ac76adff4e7d,10,i
38c32107-c13a-4f1f-91b1-c073f0ccc537,930b0035-ef37-479d-8fb3-85feb777d5f1,5,i
5711ae08-e1d8-40d3-8ae4-0151acad998d,6096c9a6-cb0b-4296-939c-4c827ab1e07c,5,i
ffa0f09d-3edf-4b39-b47a-56e2d967bb09,ba1f7ded-bd1c-4053-9c33-8a69270f2965,8,i
62426e51-828d-4053-b043-0fff5c4099a4,d8da0617-3a80-4676-8130-856cecd7621c,8,i
c92fa5f4-50ca-46fc-b99a-11ae606bbb51,6323fa00-0545-4328-bc81-239fbafd5b56,9,i
b4a9d185-09e6-4c0d-a18a-2026fbbdfbbc,7d9f4963-95dc-404c-8d99-b993f35d1ff7,4,i
5228165a-6040-4b16-89d5-10aac73b9ae5,6d7bf0aa-99fb-4486-a2cc-6d92e5504a74,6,i
e7c96964-5075-4090-8ddf-5ccc3dacb9fb,5db3b97b-9161-41c5-8dde-0bc09d021c27,1,i
e641272e-4109-4b71-b10e-ecd51bd7d483,290b4770-3048-42f1-8e11-137b11742339,9,i
29f6d892-d1c0-465e-94c6-3ecaf81078a4,ba4bba07-30c7-47a8-bc37-398c02e07d83,9,i
cfa7f3a2-3abe-4038-91e7-945ebc1d5b34,469f814e-c2dd-4141-a3ad-f6db04beed8b,1,i
b6519858-b038-4113-ab54-de20f3a76928,29da9ac4-983a-44c0-8735-a630d47d167e,9,i
2e72796f-fd66-48fd-a440-d87a3875c593,b7e52291-7e2a-4fe0-a6ce-85f1d195f429,3,i
d297e832-7340-4efb-b4b3-4ef5a7f08cb9,595285fe-1e8b-403a-a4b8-1f53de612f8c,5,i
b4ed4da7-4231-42ce-981a-327e12b6b543,87862fbe-4c25-4aa4-a31d-c1b5911ca76a,7,i
7cfc4597-c9f4-4a8d-bc8d-fc7c49ce74c2,6d7cc5cc-6212-4fce-9260-301d1cdc1e0f,1,i
23bf5d0d-7649-4c9e-8896-c0edd940a8dd,524718c0-e962-449e-8354-6de4e0255e2b,8,i
35e7dbd6-b1ea-4722-aa73-69b5da53f594,78774a03-ba35-4281-9682-7650375a0cd9,9,i
b5625b93-b880-4b3a-ba3d-1e7b086128aa,489e9575-5af6-46b3-a4e3-d97c838a8bf2,3,i
30b3ff5f-81cf-40b7-90c4-f3591268839f,74efe4cd-37dc-4b4e-a90d-3b2818ba299c,4,i
670e9cb6-632a-443b-bd03-9e65e2a4168f,c63c7fbc-68f0-4d18-ad77-89a3ca789671,7,i
04448ddb-9aaf-4c41-906a-4fe7d9807def,6ce60ce2-1707-4355-a256-693fe3341dd6,9,i
c7d0662a-265e-4498-a761-c4d3ac8c6af8,78bcef5c-d59f-4203-b6cc-0c551221c733,8,i
889ccf06-ca6c-473a-9e84-18092652585a,e7cf88e8-2a95-41ad-80cd-1bc184e3f7f8,7,i
2c07c11e-53bf-4312-a877-4af8744d10c9,aff1ece1-07a7-48cb-b001-30b9c613e325,9,i
c5bf333a-fa4a-420a-a7f1-f14e4cabaf1a,a4fdcdc4-a890-4de8-af1c-e99cf87509d6,1,i
a5c53ac3-dfaf-4a7d-85e7-03528cb6b72f,5596f87d-7fb3-4f32-900a-b279570fa21f,9,i
40ddc0d4-13b8-49ff-9730-01f4f706936c,c62942d4-ba96-4fe2-96d8-2d70951067b3,5,i
1eaac301-5870-4a8d-af14-ec1917250c24,c4cdfe2b-724b-408b-9c44-d60e8dab963d,3,i
a81284be-91ad-45cc-902c-9b969e3759a1,3c0bd6e7-5122-459e-988f-57d7f7a7db77,1,i
7c04da3e-ffe0-426d-8d5e-f46e762d95f3,81cea9a6-f43f-450b-a29e-3c4c04de4de6,10,i
08bad292-6170-48d6-996e-0a8a01e9df75,fc98e0c2-5d1d-470d-8360-b523332f0f09,5,i
d755f418-b8d4-4f3b-a15b-ff879fa2401d,c1c12442-7b6c-493b-a25b-c216ef4ca2d8,10,i
8f98207f-3044-4842-8995-6aa512e61528,80e99779-4557-4a50-b231-c9aa16d3a85e,9,i
f62d9c9a-833c-4d15-9f1d-41026ebd6fa6,6dffbc76-9823-4e69-bfd9-868f6d4ada3f,6,i
196b54e0-dbd9-4003-a92c-0c9539bbec42,b4b6dbcc-5d44-424d-99ca-f10a5b93ed5a,1,i
82800524-9673-4748-89a1-3b8896d326e5,aa90d431-a81a-47aa-b9d2-b6fee5f44aee,4,i
8e2cb9ac-b461-4c7d-8d5e-e57f7be36fc1,108c0bbe-972d-4893-94f0-ff48f6cb6ab6,5,i
38f778f5-3a5e-446e-967c-55ee24c05c12,3893a443-4734-464f-87b8-01b5a3f0c387,9,i
d8bffbfc-9c9a-4e7c-b194-48f646fb1e8c,39062a0d-a98a-47c8-97d3-55b1bfbfe976,10,i
7c0f4970-8255-4ee2-b181-b32142fbb43d,0ed1d54f-6d56-4dc9-9012-48990ff6b5f4,3,i
b2cbf1a7-a727-46eb-a510-a84b356de653,5f62a8d8-7d73-43b7-bd0e-bf32c0f20b04,10,i
f62ba0c4-083e-498c-bba1-65ac8f33905e,60423997-068b-4be8-910e-9d9b69b7f290,4,i
1d58cd9b-a283-4623-affa-9e71dd55fe36,7ef7f29e-9a9c-44e1-ba58-45ceb708740c,1,i
e801bc1a-d891-4d6b-a5f2-9dff85ba412a,4f62c164-d9ba-4679-b35f-c3c7f923356b,10,i
e9ef94df-3073-492f-b7b7-e35b1e5cb097,e9ee7a38-8d64-40df-9037-d3ed38048c3e,7,i
6c20abd9-933a-4fd4-9a8b-2c6fca492e1f,282dfc6f-4e41-4b27-9e6e-eed4305f7b2a,6,i
ae8ab423-6cf3-483a-ab85-0f7e57297792,b47ffdb5-10e0-4228-8585-8ebb34925a7a,1,i
a777a493-c141-473d-8c75-2b8784ead770,14e08914-73c1-47c6-8d51-24eefb19e18f,7,i
32d9226e-c501-4676-a7b4-c40769a4e866,f6ad26c6-da8c-438c-a00c-6679243734ff,8,i
eeb1c5fb-f669-4461-8553-5a7ab1c168fb,1be88e8d-3f7d-4541-8f81-be13f8be73ae,3,i
975e31bc-427b-403e-a5c7-cece7fa52e5d,81ed9ab7-d6ef-4ccc-9787-126cc5d9b507,3,i
4dd85f13-c921-4cb7-ad91-d45c35d3c64f,46a675f6-4df3-4318-8363-116f6df5af94,10,i
c3b33496-4ccb-45f2-ac98-21bbe39dc0eb,1d7a9a91-d66b-49b5-a61c-6fd3a13a7e35,2,i
6a31c17e-3536-4648-9ab1-dde5fec4e693,a9333d7f-d772-465d-b557-b948f56b2fd0,7,i
5b90a48f-8c1c-4c3a-92b7-a7797296e097,3e28ba06-7779-46b1-af56-a609ccfe5699,7,i
c31a6836-4c95-40a7-aec5-fb054bec1132,21179bb8-4066-4bf7-8562-2ece6baa9db2,5,i
bddb2d5c-0846-4d22-a03a-58a7b6da7dd4,ea0b4b9d-ff9b-4b7f-8b31-df95ab41da96,2,i
b53aa2cf-b048-4797-9e33-f1b21b0b93a3,3cf7f2d1-6e84-4f9c-b108-ff959c97fcb3,5,i
95617398-89c0-450f-a74f-ffb3ee660296,9d52905c-b4c0-4cbe-a52e-53265552137e,6,i
eda0c9cd-690d-4c16-bc05-005cd76198fc,5cf45281-caae-4ed6-a9d9-ebb828cac8d4,2,i
28cbfc7c-ec98-46a3-b3bf-296a5f827741,5b226d0a-9520-43eb-9d54-1d7c1a580ac4,4,i
e9366476-e28b-4548-b93e-bc7d1a3b6bee,ffcc0684-9ea9-4ed0-85f9-0e155cd35e9a,3,i
245a42b9-e986-4313-abd3-b2cfe79e6ee1,320db602-da58-4772-8dab-3dfd33e6d76e,1,i
c0de22d2-9368-4d21-9716-5e047515a532,973963f5-08b4-47f3-b14a-32e36ab7e4a2,7,i
e1381cfe-5a06-4ad3-8dd9-c800fe294697,99f1e09d-39ff-44fa-b4eb-681eed2d86e6,1,i
149b789b-cb5c-4e75-9834-a6a43f0575e0,6384a6ad-a37a-47db-aeb2-fc80b90058c9,7,i
c2a6d64c-00c4-4252-88d4-d72501b93d25,1abad4fe-a332-492d-9efa-c08323027e0c,6,i
49326d50-e24e-4dc1-b923-b8408fe4e826,9bc69ce6-7cfd-4ec0-8e8a-593f47c1b934,9,i
e3accb77-80f7-43e3-acd9-cb83e37d9367,e1350d71-909b-4996-9b06-7a17d9e9bf89,5,i
67f1d5e1-cefa-42a7-9919-6a796c64eb6c,f9c46b95-556d-4d49-9996-9dc1212f32dc,10,i
6acc38a3-d07c-4a52-9a21-698c3b924047,d39c8137-3d89-4e76-aa04-9886c6a0b34f,6,i
9a5cf693-4163-465c-9e66-545a48645e17,959dcb9f-3c2e-4a73-8c20-c692fa291c5f,8,i
1bc91213-4a58-4e9b-9826-07ce3f1ed06a,14dc787a-c7ee-4e68-aa3b-e9a1485b8ae1,2,i
1bda0435-6788-42ec-8e37-bec456f11b0c,711e82c2-0367-4aa4-9fe0-77f2c45936f9,4,i
b94ceada-8fae-425f-8897-a90dc2bef68b,277a6e46-d648-4db5-b1f0-72b69342358f,5,i
a3568df5-445a-4f91-b185-8028bc56a95c,0dc3e839-9306-432f-ab9a-1f69b0f0a8af,2,i
306f52a0-bd29-4f32-94b5-11e25859831f,025536ed-c715-4df8-b4bd-4c96ea7c1fdf,8,i
697d65ae-7e3b-4f48-8e05-d7e5140c3364,4f64c489-0dc9-435b-b26c-3b4f70a0b3e7,6,i
d5d4327f-3dbf-4c17-a96f-cc5318e69515,9b1bee25-336b-47d4-a500-0140b851fc1a,7,i
a36dc1be-e23f-49c8-b728-579ce32eac4c,0983e6e3-05de-4cce-a65c-71d684b3f39c,10,i
9e638622-7d5d-4c45-8999-fae66dfeb327,1eedf050-94c1-4537-887a-7584c8a59740,2,i
c55fb10f-1106-4146-a3ed-5c19c3c47b96,ec1dd421-ce75-42b6-8a67-dfff1c5d4b8c,9,i
7ea7cb6a-a1a7-43bb-9c80-67544dc80a09,8c08ea96-e29b-4acf-b970-10070ffbbe81,5,i
08dd4e2d-3c25-499a-a5a4-3a01cfb993cd,b8cc6fa4-a49f-4b38-a986-8d9fd843dc74,3,i
9cac876b-ac8d-4cd1-8ac5-dbf9e61c7ed9,da530a13-6823-4b9d-ab71-bc0ca43f5743,8,i
da830d80-feb8-4140-b6e4-82fd9d582a43,29a552fa-6bdf-481e-ad07-748e25827189,3,i
1a51d99b-7348-49a1-adb3-646dcbbd07e4,3544f46c-48d1-4fc8-862f-b7eda646aa03,9,i
f4785d30-6ea4-4a4d-9bcb-7d60e888e6d1,02f613fb-b901-4f76-a0a5-3806f91492d0,2,i
9141c253-c55d-497f-b5dd-349dee9a8458,43ce00e9-b9f7-48ba-aaef-d8360243b770,6,i
7f14a92f-bed3-452b-81a7-488f03a3bc7a,2b3b5aa5-421d-4604-9041-a82b274220ab,2,i
e4598f59-c922-437b-8a8b-f69d7ff5fd3b,6d30d996-3dcb-475f-a8f1-385c9bbc85a4,5,i
782fd39e-297f-4c0d-adfa-b4ffbc9c89e6,cfd6e0ff-88b4-4965-9508-488a7207ad46,10,i
ebcc17e2-05ee-4439-884b-d315e7ee1c57,7a2927d9-d821-410c-bcf2-97e1719444e9,4,i
005b4119-2030-4b3a-b000-b9787c550e4b,5fa9a27c-60e9-469d-aeca-178729d9fbb2,7,i
b2c6f645-9682-448d-ab56-85ca820c0f4c,d8311ede-d604-4249-ae50-cb0dcbb7986d,7,i
1028f434-a2fe-4f07-9082-f8819b54fc64,2aeb6e2f-104b-4f1b-85b9-862c11cfa701,2,i
78110661-c9c3-425a-973a-99dd995a43ff,f83c87e4-92ff-4f78-854a-12d6047a5675,10,i
40879adb-e54f-484a-9cb6-0f6443d766a7,7013512d-9557-4830-8811-00a23f0e74f0,7,i
cf3abbe1-1bfd-4abc-81b4-a4d854c49841,bb7e41f1-c498-4227-870c-afe8abc100d0,1,i
9152ce35-a446-4896-852d-d1de49de6319,8d215c40-0dfe-457f-8553-d2eb5718eff9,3,i
dda7fb68-aa98-4ef6-a89d-cd0efd20f11e,d6538bfc-1cff-4320-ba1c-b318f3d52b9d,5,i
db59ecea-908b-4184-a7e8-71620e67721d,8598defc-5fa8-4dd4-b1f5-f74dc3d7cc06,2,i
a167786c-fbc9-4784-b24e-fd343220aaa5,8179adca-b4de-423c-801d-8e9f09c1f159,6,i
0da52f6d-22cc-44f8-85c4-7e7cd605d142,564b562d-4767-4fc0-bd2e-308a1e795850,1,i
232b2f8d-f65b-47cc-9c7c-bf609e27e1f0,2a3f964c-3d6c-4759-8ba9-533b98b2d9e0,7,i
fd9109f1-fb58-4a1b-8fc9-f4311dd59a91,82a95ab3-81d2-4f78-966a-4a7b96622716,8,i
13c0fef3-f823-4279-ac23-89b2c1fa34d0,eefd9cdd-a546-4e67-9484-7ce496ca8818,10,i
efce05b0-ce13-4139-ba85-badfff18643a,bd7df916-7f9b-4733-8d17-1ef88614e86e,10,i
c814ec9f-3830-4e5a-988b-5e5cc7ac5f2c,ef5e75d7-1fbb-4bf4-9814-e503da031f11,4,i
efa1978d-2e26-44b7-bf52-0ff583573ff4,307c4175-bf7b-4d61-aa11-79b12184e7ae,2,i
926f8820-c9ae-4e2d-8fca-138fdf1c0c55,b1f383fe-8559-497d-bc0d-c1a03c1a58ad,6,i
7b869990-6015-4615-b94b-f0cce3e80452,6d1055d4-0d10-4bc3-b883-22c25e4a0152,6,i
5af3577b-6fc5-483c-8a16-08c59eacce21,5cc0c86e-8eaa-4ec8-899c-8c85f2e8cf78,4,i
4ea9de39-9b5c-4f67-b9ea-8c2e7b115be8,dc4d3ce0-4ca3-4389-b686-a8823bdfb2fe,3,i
688b71bb-28e7-4b89-964c-c8e050225a0e,341cb0e4-7e56-4d10-b729-0a74494d95b3,3,i
e92d5111-78c4-489c-9dae-bd5b854973b0,652b62ab-50e8-4aef-99a1-46e30927fe34,5,i
628c683d-68f5-4480-921b-6c5dfc9334c3,ced12240-00f4-44a2-b6ad-07981d290c0f,1,i
ba8999c6-ddd5-4641-b545-12086be5d781,0e565458-325a-408b-872f-2bbba7d3fbcd,9,i
e8f45ec3-06df-4278-a768-1e68558a7d65,ba646531-8c00-4318-a179-1270211393cd,10,i
665a98ae-b773-4110-92c4-86cfaa86ce18,2a732156-4ec8-48a4-935e-739ce0341154,9,i
c3160b27-0de9-488b-848e-a29d494b7cc0,17f6c6e5-2cb0-4942-a59c-342f91b7ec64,8,i
7e89ef4a-ae79-47c6-a622-dd07065b8590,6c60de09-fd1e-4511-80ca-531326bd1595,7,i
534dcdd4-743e-43f8-86e8-cc1ff4faf933,6879f733-3206-4e87-9d28-a70e2eabda5f,5,i
65f7967d-c53c-4b94-a09d-c0667371d1c9,187315a9-8096-491e-a29b-47d5a94012ff,6,i
178acde1-6df3-4844-8a3c-3e84ca3394c3,d5b3c852-f793-407d-a41d-a94360436b70,1,i
9b855d66-b8ec-432c-999f-e5247472eeeb,25950d63-a2f8-4c5a-8223-744cb57af641,10,i
f2078740-664a-441b-869c-cc47ebd3b0f2,4b77bbe9-50f0-4c58-a8ee-29d665ee76c2,9,i
44ece2fb-a5d6-497d-a9d8-6598fc6cfe6d,60723fcd-d776-4177-a403-c42ee5b67518,2,i
30b62589-8529-4c7d-8323-53e64f736601,ab5d82e2-aab0-421d-81fb-8021db32675d,7,i
570ae0ae-94fc-49c8-b9cd-7547faf71311,9913c863-9f27-4049-95e1-e5330e120dd8,7,i
28e9da42-0102-4aaa-b7e6-3fa49f2ce265,941b7811-c8ab-487b-b6e8-2864c7e3f2f6,5,i
e8957c24-209c-46a4-9327-4b48508489e5,511e847b-6444-45e2-8b39-0f43e39ac15b,8,i
1171b344-b41d-4b5e-9031-4e1311b8bdd9,02371407-5401-4dae-ad2f-0e2375a7125e,8,i
d72ce890-ec2a-4b87-88b5-e7b1aa9b46e6,4fc7e255-394a-41f2-b185-e182fc0511b9,10,i
5694823f-99b7-4117-a179-f4248dc2eda1,702f8cba-2172-45f5-80ff-69b43cf0690c,4,i
1f1f7f8a-2634-4d1e-9fde-d525e60105bc,d85f11e9-fc1c-4fa2-9e2d-ce51da15ded6,7,i
d3143a43-7f4a-4f5b-a1bc-0717be5bbe3c,4728a6f4-f062-4bf5-9719-f9797d70a686,4,i
3f287482-c984-402d-8907-752ae2034597,d2e87799-f6d5-480e-babd-ac6da7dd526c,8,i
0aedc226-3251-49be-b471-c4885411a85d,3e12be61-b6c7-4d50-ac80-35513544da06,3,i
2d267b1f-d219-4f3b-bddf-79897c1a8d7c,ed012185-ce4a-4358-84c6-3ddc044d466a,3,i
bf809b94-45be-4151-9fa6-7d05b4dfcb00,cab43536-92ff-450c-8732-6bdac6407a9a,3,i
9cc4b000-97c9-47da-890a-f4c313b4781f,1e83e50e-e590-4e7f-bc53-f2cfdd925e09,8,i
768bfcc2-e0a0-4b73-9bbc-ca702cd9ae2c,094dd61a-5c25-4ead-b1bc-6491bca86ac6,5,i
c0755cb8-e45b-4481-a31b-caaa1e7cdaa1,71deaf75-fe25-49e9-a83c-59b714cefe92,9,i
c7d108e2-b29c-4279-8505-1a4fed3a57e6,c112a673-1a88-484c-90dd-8dcb395e0649,9,i
e3c58f4d-8921-4c22-a4e5-1beccc668ea5,d6d478eb-6715-4b01-be5a-b99a150aa561,3,i
a35f415e-c989-475e-9230-38e5d02ddd2a,ae004b35-89bd-4182-950f-e4fedcdbc2e0,2,i
e8c49cb2-8070-4802-96e5-aeb23718914d,f9d9a3cb-fdb3-4927-80aa-1c1380ce915a,4,i
77c8b52a-2834-4b5b-b77e-9d3955e313c5,1ec37aa3-720c-449d-a170-e0ca6036e32f,9,i
8ad5ddd3-be8e-4960-b69e-d2c67e94bd89,abaa15d4-f906-405b-8732-56f2a312fc75,9,i
635570e0-2802-4534-908b-4ebe0c02c517,94ceb76a-1b1e-46eb-ab53-b69fcb4ed532,1,i
dfd7b171-1090-4279-ae42-91531012e026,17f7f88f-d0ed-41b2-b6b5-b4f6e61d1dab,6,i
c1f493ff-6141-4cbf-9ba8-58aace11cee0,4fef04d1-8bf7-49e6-83d0-f90d41742dec,3,i
4df38a7a-dba8-4e4b-8893-de29e64aa7e2,776a3627-abe6-40f5-8944-45161d62ccff,7,i
73ff3ea8-ecde-46eb-a160-6cd30913b41d,fe190728-c399-4099-903f-3ccc054d809b,7,i
8e50b30c-8896-42c6-8541-d795b4de179e,90fd7ec7-af7a-40be-97a5-d008adcc79ae,6,i
dd806c37-bf3c-4bf7-bd05-95ec4bc8c9f3,fa1eae31-d711-4dbc-a1b9-c8b1ab54748a,3,i
93a6ac22-5ba4-4cb8-80c6-9a28277217c6,8a76c43d-2f18-4539-9118-4f39b9302e56,5,i
c78f97f2-82bc-417e-9b8a-814fac80ac4c,22ad2c37-4595-4816-8582-e2cb5f8b43bf,7,i
38c10876-444b-4f04-841f-4b65e0545632,7ce943b3-c8a3-419a-896f-ed640f1cdca0,6,i
d20fc7d1-9e62-42d8-8bd3-e356e02eaf21,fdcc905c-d970-49c6-b377-63cb890fbc11,3,i
f388259c-90ae-421b-82f6-4d962c82c7bb,bc13c5f2-c3bc-45d5-81f8-beb8d957af59,3,i
5ea9b330-12aa-4a88-920e-e37dd1e9b982,163039af-a010-464e-9bdd-54b8e46b0d3a,3,i
e85e5e86-d88b-4a15-b67e-17a7412d2f58,f40fdcf7-a5ac-4fe5-a34c-2b69384356f8,5,i
8740140c-24c1-4199-8f48-31b3d6dad5d6,e1616cc1-b43e-4716-92bd-12f3b11d16c1,4,i
dd96c504-933b-4bf3-860b-2307263bdd0d,0e6d806a-875b-4f19-90ec-b75ff26ddc4a,9,i
0d0a6c02-0282-4916-9acf-31a66433414a,2ad70be1-5d3b-42a5-8841-568660fc43c2,5,i
db381b49-6ace-48a8-8bec-540811bef150,29116a01-26db-49b8-a080-c09d14c9e3f1,3,i
3b2b24d4-033d-4c62-a064-c94795b7f519,4316b925-e25e-495d-a18f-6133743b0e50,8,i
327578c3-9dcd-42ff-a4ea-ebf7f5c667b3,a755259a-6202-4dcc-b9eb-66358e857c4d,7,i
303f2227-2c15-4d38-8270-282adc0d44ea,79b9e609-56ac-46f2-ad26-eb189fc88a5d,1,i
b2dd3e38-76ea-412d-86a8-442912fbff81,1af73def-8a9e-42af-969f-46455a86656f,2,i
7b7643e2-e31b-4d7d-bbe4-0d2aa41c12a8,38a1334c-1bdc-4e12-a0ea-3b833283a58d,10,i
5f543bed-23a9-4730-9f77-a86f7ffc1db8,651fb2ee-1228-43d7-ac10-549caa301bd5,5,i
98e854ca-a0c9-44bd-b14b-6371be5469c7,b5eec008-2a00-4b0e-9cab-433566d88dd7,9,i
8e962240-1ddb-4e2b-a19e-f7fc4b9d6db4,bff6f002-3085-48ed-8077-a4441f323915,9,i
9c3dd006-e59b-41d2-956c-cfca6ce12d48,770f4044-3c66-4eeb-96ec-66a7720f9384,6,i
80f21fd7-b4a5-4c9e-9399-7b3689723652,32f09ecd-b5a4-4f2e-b58d-02bab8d4d179,2,i
70d7cdbb-c5c4-4076-8235-87164a9fde94,0254f8b0-6856-4dca-9ceb-b70b9fc54a7b,5,i
b68b12c2-261b-4b6b-80bc-bb35227f9c9c,c26b985d-c01e-4fa6-8df4-4aab867a937c,6,i
0eefd379-b547-4779-8574-cba2d8429dc8,1a2fe476-ccc0-40e8-9a30-69395a9c44bf,2,i
14c00a64-b78e-4f5a-9f9a-e909cef85080,91fdf54e-c2ab-4533-9fd9-46d50789bfe4,1,i
c6b03991-7b3d-4977-a842-2bd881ac6767,9db673ff-280a-4e93-9bda-11f903315af2,2,i
85e7a6fe-674c-43aa-bced-50d407257742,ec7dcbe5-c9fa-41cb-bc0c-cd21d7f1b74a,5,i
01acc967-6e24-4f42-9fa7-5c096278b636,0a12ccc0-5854-495b-8143-ef54d5cd41fb,7,i
d22a8abd-4f84-4939-8a34-28550dc7f276,6f5ccf68-8bc3-4232-942f-f3d352e525bf,3,i
8b56f136-85e6-464f-b3f8-8548ad211d85,090f67f2-8c4d-4db8-b008-cf187b70bc51,5,i
862c9438-0d0c-4dc3-8016-af20fb419de0,b83be315-0efd-49d6-9fe9-fb50b9eb348e,10,i
d983aa4d-114d-414c-9493-86dc7e4c533d,0a9ca212-9925-4ee6-b4ea-bb986a727398,9,i
551272a3-15ff-4898-ab9b-9188443fe48a,2a981c57-1033-4abe-9a61-6f66c27636fa,10,i
4346e6d4-21ed-4186-96a2-69fa6d29b04c,38163c8c-3f28-4157-8b49-d146abe32734,1,i
e68d8023-1c2b-402c-a04c-3cac9da6cfda,a9644216-e1c1-46fc-88ac-3c7a5b024931,5,i
c037aa82-b95d-4276-a749-306bc34c33a6,be8362bf-7dc6-4a54-8ee9-3ab32c958fb1,7,i
417fcbb1-1e52-4702-89c9-dfd6b5791f0d,bef10875-2171-4dff-b0b0-5aa3b858d121,5,i
f20590ee-949a-4611-989f-00fb9e8077d2,19d5ea08-c3f2-4a38-96cb-42f7be737b31,2,i
02fbbe64-813c-4653-a683-760e883ced2b,e7b1264e-c443-48c9-981f-e897e5354b63,4,i
6d6ca21e-ddec-403d-8a89-6120c3eb0bc4,4579bc61-56e1-4b8f-8b51-f86bf9a80267,2,i
a4ad714c-d555-4af8-b257-da462898e0ab,ea8ec805-aebf-47c6-8018-241a557a5f7a,10,i
4ddda51e-13cb-4047-99a7-50e96605d12a,c4dd693f-8465-47a8-8189-5d75171fedca,4,i
10c6c181-e424-4cdd-8cfc-7653938dfe28,c3798579-470f-488c-a039-bda5fc8ed7e2,7,i
2c3d92d0-b238-4a44-84fa-60027e749469,f09f14c1-0761-479e-b9aa-34f91b10bb5b,1,i
634ccc23-576d-4472-a826-0c070149e23d,13cd081b-e0cf-4276-a770-a40ff87075cf,1,i
23aa8c64-2155-460d-b433-6285cc3a91b3,5fb2bd14-d7ed-433d-8de5-331ed02e3b5b,9,i
4f656006-f8ae-48ac-b043-e66a309c4733,0fd9ccb4-1818-4531-b4e1-740d76339f3f,3,i
00380ed1-089b-4425-a3a0-29cdccdaa547,4a0ec53c-5dbe-42d2-8dca-f8bc4b1972ae,9,i
2b32a13b-a48f-45da-a003-1ed98fa4eeb0,59591ff1-4ea3-4f10-883b-4a53c28277d7,3,i
97658deb-2a9d-479a-b6fc-bd586e4c3da8,3f314b9c-326b-4abf-b281-b61fa1632589,5,i
67d6c386-1632-4f68-b554-96a82e6e888a,21036ca7-4d7c-4225-afa0-7cc8f4942b3f,3,i
bb556708-98a9-41f5-a3f0-2c6fb94bac47,ee8a7ac5-bc47-41a6-be82-aa90f57257b6,3,i
e14e117c-0368-4fb8-bf61-d94c967873bc,d846b35d-866a-4c4d-8fd3-1d51da0396e9,10,i
9d6b44c8-e007-40ae-bdea-cbf10da8c0ff,984eb15b-7dc2-4124-9f33-04867dd24b8e,8,i
2d9bb8eb-f508-4e44-992a-3e8fc989d3dd,32f35525-77fe-4255-9b54-3118b7fa4b2c,7,i
a6145e24-c282-4b37-9243-6f4a618fa9b4,4b92ac0b-1599-4a11-8681-96975240af5a,4,i
1502cff2-9285-4255-94f5-2e99387c3bbd,c0e9d16e-4c88-4676-a82d-a299ac7b74a3,6,i
6fe5ac96-79a2-4071-90af-e82d90b1895b,8a2c21a5-dbfc-4183-a74b-cd7045f605ec,6,i
f674c6f5-2c81-40c2-973e-91d5ec635c8d,579dc3fc-5c39-4451-8ea1-1ed040e3b7ec,1,i
cc66cca8-7511-4709-bf52-82ec15d18ba1,3036f9d5-3c7f-4237-86f1-7008e1b3ba78,9,i
99ee54e7-6a94-4f31-b0aa-96a8390f67cc,6cd2c54a-69d6-410c-87a3-a224dba9de3a,7,i
166d51c0-ab60-4b5f-ab79-85a26e34aaf3,a611fbb7-b2ec-4be8-a404-4ff95db41af4,5,i
546658cf-c4a9-4cba-ae10-6f2cc7afa877,02337f39-3473-4070-885b-aaa81cf508c8,5,i
760b30f4-17e3-461a-b034-d7a11cd2a0af,f6e5b191-da67-4302-8a3d-1f830878ddbe,7,i
14d6fec6-0ef1-4ad4-a0dd-cf354eb4879f,98b09d6b-77bd-4239-b0b4-7ecb9ab368c4,8,i
fff091bf-472f-43e5-8a9a-1d15e3317aae,7a76aa46-bd33-4923-a61e-a68a5f57b21a,7,i
c9c78c22-a7cc-46bc-8f0c-7af744634237,22522706-d361-4c1a-acda-6dab4a5be7ea,10,i
668f4e7f-d81d-4137-ac83-a7e9bcc03f6b,12d456e7-36a1-48cd-ab4e-930422b6f33f,2,i
6e488f9c-3536-47e3-8ec1-9d35ec129f6b,fa891fbf-1bdf-4898-867d-fb37f576cefe,10,i
c5dc71a7-c3ae-4de4-be42-a5e7cb8f88a3,80a68319-68d9-4e46-bf0a-54d133d92157,2,i
8bee31f6-9f04-4edd-a398-440d37603e33,d0453d3d-9004-4b6a-bcbc-76c22cb4465b,6,i
5aa9b6d0-aac5-4769-958d-3c3ecf810d03,1075de71-7bdb-4a52-bfd7-02e2b7fea357,1,i
9d943516-8008-4eae-af9b-c64e639826f8,c8adb51e-4e76-4bbc-af72-e6058286c6e2,10,i
8af277d9-b11b-4841-8480-cc9b939494a8,1b90102e-f016-4375-ad04-70fa83ca1c7a,1,i
36da9f1c-8c81-4c27-8234-9a28cf21ee17,5b1653cf-5c3f-4ab4-a899-60c8e6225bb5,3,i
7f6293af-17c7-4dae-9a6e-ec6927840014,67dc6bc5-58f4-4dc0-baa9-490633bf951c,9,i
6091c380-791c-4844-ba60-f1560c656d91,49515f79-05de-4b9a-b267-5387ae2804cf,10,i
87979d22-be30-4036-a541-aa6f8eff21f0,e22568d2-d083-4a1d-a8bc-06414b9ca8dd,3,i
18217223-dec1-4e09-bbf3-c7f1568fc1f3,802997f2-6c4b-4fcf-b677-cac80927d656,9,i
37415bd5-a0b7-4faf-966e-8c951a5b3c8b,e805ccd3-e7b2-4b86-808a-cf35bcb97724,9,i
7fb24115-3e3d-454a-a608-b2e8b1bb8e1c,936b9ed7-ed68-4a78-8ff5-6da4cb551566,3,i
6794b14d-b74c-4f5d-8577-66caca7e0ca1,d174f6f3-2f54-4ec1-9a9f-41a06272d70d,9,i
84009d1a-9ca9-4432-9c9b-3d331d298dd7,81f81a40-6a74-4086-a695-51bf70a6c97e,4,i
1dbec1ed-4a1f-41ba-b5c4-b11a6d817b10,78b0c2c3-b00a-4cc8-b4cd-2701a8a4185c,6,i
d8127cc1-578d-43c8-b56f-637c5bd19594,d7d926d6-763e-4ac6-9ea3-bce1e2967b45,1,i
567f0765-6898-4b71-912d-19335e48aa9f,aeea36ff-7950-4180-b303-31b948e0be62,1,i
a17bad2e-bb24-4db2-98c9-c18e00fa5ae3,9db5f449-7569-4ab7-a27d-8a9fd7c4562c,1,i
f41dc84c-cd62-495d-a678-0d2343d50575,d5d9e072-202b-4895-80dd-1aad52833a89,4,i
326539db-4c8b-40b8-945d-1c48eb72f661,3d9864b9-e7b2-4b92-b189-235c167b7685,6,i
d5ae71a1-61bd-49a0-955b-4c4408097a07,9762b1b6-0c4a-4680-9c9d-d1d948ccdcd7,7,i
83667748-e1e3-4641-b35d-b03392226f79,147a63f7-3199-4bb5-ab6c-5b0714f0668b,10,i
abe9c29a-6516-4be5-b5cd-60c43f1c87b3,d7278002-34a3-4f1b-ba2b-6be0a3ae7bec,9,i
42f04bc7-d343-4685-8f26-ceabd6630eed,abfd717c-cf37-49f8-ac93-8e34e6783fb9,8,i
b261131f-660a-40f8-ad87-07ed5b5bcea4,41aee044-9f21-4c08-a1bd-394713f66150,10,i
f6a012dc-c86b-44b7-bcf9-b315cbb20069,a250eb8b-e3c6-48e7-a5a1-95e021a42e2a,3,i
838417b2-42dd-4a6f-983d-edaeef21a333,4ba4b968-898e-4f05-8c72-074e492a9ecb,5,i
6ec23f87-c0af-45c0-9d8d-649d17699845,56bbe625-42ee-4284-aa7f-90ef38d91a1f,8,i
5c87f11e-052f-4e76-b2df-89796b5f3de6,d4227c77-407d-4a56-ab2e-437a740cf9c8,8,i
811daa22-8a34-4f30-b4bc-edf747ac4e1f,b0e65fe9-d276-4bcd-9dc3-67c8203a8b51,10,i
b18f2755-bc5c-4e56-95a1-92aeb3975d93,e1fad18d-9deb-46c7-9bab-b065e103a661,5,i
94ace8c3-c240-43a3-b359-3d460e447420,3d02fec1-bc26-418b-b988-6013967754e2,4,i
03124d92-5e55-4d67-a49e-ba518c03a475,bb6dc961-ebf0-4308-96d2-72737edf7b43,8,i
df2f6ea6-cc1b-4a49-8146-e23fa40192e8,2423cce0-adef-4670-822c-177a3088e1b0,10,i
6be491f1-e5e2-4e45-80b3-555b0e4ede56,3680ebde-17f3-4eb0-b2c6-1bf5bb952332,6,i
f53e0bcc-9a17-4c2a-8e57-b49b66726446,a4d21607-f23a-4398-ba7e-4c45235aa4d5,3,i
1f5abc70-ff28-4573-a470-b912f45add13,c0184abf-ae82-464a-a996-a376e8d09ff6,9,i
d7257e47-10fd-4426-a4cf-a165eff7cb85,cf2474f0-f22a-4d90-8699-4c2f810f4f88,5,i
7ea07dc2-281d-4817-88be-2527ed028e9a,c8649df5-6e37-497c-a850-d626406aec54,5,i
144eaeb9-75a6-4dd6-81d8-b454340f02c7,41cb1453-dd01-4276-b835-1923d57785a2,10,i
9f882ecb-9991-427a-b00b-87f92ac3d79b,124a3198-3a4a-4ece-9651-c154b9eca98f,8,i
c24616fc-e5ff-44d5-a0d6-7e0dfebbc533,218cea5e-6c5a-411f-897a-c86bf032198f,3,i
6d920450-54df-4d95-8b24-f15a41235377,e245ff38-b542-4408-91e0-304818e33617,8,i